Date,Open,High,Low,Close,Adj Close,Volume,Dividends,Stock Splits
2019-11-28 00:00:00+05:30,102.8499984741211,106.80000305175781,102.5999984741211,106.4000015258789,94.32527160644531,46186176,0.0,0.0
2019-11-29 00:00:00+05:30,106.94999694824219,108.25,104.5,104.9000015258789,92.99551391601562,36061330,0.0,0.0
2019-12-02 00:00:00+05:30,105.0,106.1500015258789,104.05000305175781,104.4000015258789,92.55224609375,17206241,0.0,0.0
2019-12-03 00:00:00+05:30,104.4000015258789,105.0,100.55000305175781,101.0999984741211,89.62673950195312,23193098,0.0,0.0
2019-12-04 00:00:00+05:30,101.0,104.0,100.05000305175781,103.75,91.97600555419922,25535652,0.0,0.0
2019-12-05 00:00:00+05:30,104.8499984741211,105.6500015258789,101.6500015258789,102.25,90.64622497558594,30318270,0.0,0.0
2019-12-06 00:00:00+05:30,103.30000305175781,103.6500015258789,96.19999694824219,97.05000305175781,86.0363540649414,38792538,0.0,0.0
2019-12-09 00:00:00+05:30,97.05000305175781,98.4000015258789,95.5,96.94999694824219,85.94770050048828,32714343,0.0,0.0
2019-12-10 00:00:00+05:30,97.75,98.05000305175781,95.19999694824219,95.5999984741211,84.75090789794922,26343866,0.0,0.0
2019-12-11 00:00:00+05:30,95.75,96.5,94.19999694824219,95.69999694824219,84.83956146240234,18308976,0.0,0.0
2019-12-12 00:00:00+05:30,96.30000305175781,98.30000305175781,95.75,97.9000015258789,86.78988647460938,18708706,0.0,0.0
2019-12-13 00:00:00+05:30,98.44999694824219,102.1500015258789,98.19999694824219,101.75,90.20297241210938,34076279,0.0,0.0
2019-12-16 00:00:00+05:30,102.19999694824219,102.19999694824219,100.3499984741211,101.0,89.53809356689453,18058824,0.0,0.0
2019-12-17 00:00:00+05:30,101.44999694824219,103.5,101.1500015258789,102.19999694824219,90.6019058227539,22444734,0.0,0.0
2019-12-18 00:00:00+05:30,101.44999694824219,101.5999984741211,98.5,98.9000015258789,87.67640686035156,27067150,0.0,0.0
2019-12-19 00:00:00+05:30,98.44999694824219,99.3499984741211,97.6500015258789,98.55000305175781,87.36613464355469,22316938,0.0,0.0
2019-12-20 00:00:00+05:30,99.05000305175781,101.25,99.0,100.69999694824219,89.27214050292969,24865061,0.0,0.0
2019-12-23 00:00:00+05:30,100.5999984741211,101.0999984741211,99.19999694824219,99.69999694824219,88.3856201171875,19266221,0.0,0.0
2019-12-24 00:00:00+05:30,99.80000305175781,100.6500015258789,99.5999984741211,99.9000015258789,88.56293487548828,14586094,0.0,0.0
2019-12-26 00:00:00+05:30,100.30000305175781,100.3499984741211,98.55000305175781,99.05000305175781,87.80939483642578,19910616,0.0,0.0
2019-12-27 00:00:00+05:30,99.6500015258789,104.5999984741211,99.5999984741211,104.25,92.41927337646484,44118153,0.0,0.0
2019-12-30 00:00:00+05:30,104.05000305175781,104.3499984741211,102.05000305175781,102.9000015258789,91.22247314453125,18622914,0.0,0.0
2019-12-31 00:00:00+05:30,102.9000015258789,103.19999694824219,101.55000305175781,101.9000015258789,90.33595275878906,15943079,0.0,0.0
2020-01-01 00:00:00+05:30,102.25,102.69999694824219,101.30000305175781,101.9000015258789,90.33595275878906,12896434,0.0,0.0
2020-01-02 00:00:00+05:30,102.0999984741211,104.8499984741211,101.75,104.44999694824219,92.59656524658203,18704405,0.0,0.0
2020-01-03 00:00:00+05:30,103.94999694824219,103.94999694824219,100.0999984741211,100.8499984741211,89.40511322021484,24439056,0.0,0.0
2020-01-06 00:00:00+05:30,99.94999694824219,99.94999694824219,95.3499984741211,95.80000305175781,84.92821502685547,30549236,0.0,0.0
2020-01-07 00:00:00+05:30,97.5999984741211,98.1500015258789,94.75,96.1500015258789,85.23849487304688,31124816,0.0,0.0
2020-01-08 00:00:00+05:30,94.0,95.80000305175781,93.5,95.30000305175781,84.48495483398438,26770478,0.0,0.0
2020-01-09 00:00:00+05:30,97.25,98.0,96.55000305175781,97.30000305175781,86.25798797607422,21511429,0.0,0.0
2020-01-10 00:00:00+05:30,97.75,98.94999694824219,96.6500015258789,97.05000305175781,86.0363540649414,22583687,0.0,0.0
2020-01-13 00:00:00+05:30,97.4000015258789,98.0999984741211,97.0,97.55000305175781,86.4796142578125,15182504,0.0,0.0
2020-01-14 00:00:00+05:30,97.9000015258789,98.69999694824219,96.44999694824219,97.80000305175781,86.70124053955078,14721468,0.0,0.0
2020-01-15 00:00:00+05:30,97.5999984741211,98.30000305175781,96.30000305175781,98.0,86.8785400390625,17552783,0.0,0.0
2020-01-16 00:00:00+05:30,98.0,99.0,97.3499984741211,97.6500015258789,86.56826782226562,15395112,0.0,0.0
2020-01-17 00:00:00+05:30,96.0,98.25,95.0999984741211,97.3499984741211,86.30230712890625,16846301,0.0,0.0
2020-01-20 00:00:00+05:30,97.8499984741211,97.8499984741211,94.30000305175781,94.69999694824219,83.95303344726562,20296585,0.0,0.0
2020-01-21 00:00:00+05:30,94.69999694824219,95.69999694824219,94.0999984741211,94.75,83.99736785888672,16440135,0.0,0.0
2020-01-22 00:00:00+05:30,95.5,95.75,93.5,94.30000305175781,83.59843444824219,16534303,0.0,0.0
2020-01-23 00:00:00+05:30,94.19999694824219,96.25,94.0,94.9000015258789,84.13035583496094,17790397,0.0,0.0
2020-01-24 00:00:00+05:30,95.0,96.55000305175781,94.8499984741211,95.5999984741211,84.75090789794922,21508398,0.0,0.0
2020-01-27 00:00:00+05:30,93.25,93.9000015258789,92.0,92.3499984741211,81.8697280883789,44570494,0.0,0.0
2020-01-28 00:00:00+05:30,92.6500015258789,93.75,92.25,93.19999694824219,82.6232681274414,23833458,0.0,0.0
2020-01-29 00:00:00+05:30,93.75,94.19999694824219,93.3499984741211,93.69999694824219,83.06652069091797,14424795,0.0,0.0
2020-01-30 00:00:00+05:30,93.5,93.55000305175781,92.0,93.0999984741211,82.53461456298828,18403471,0.0,0.0
2020-01-31 00:00:00+05:30,93.5,94.0999984741211,92.4000015258789,92.69999694824219,82.18000793457031,22498038,0.0,0.0
2020-02-03 00:00:00+05:30,88.9000015258789,89.30000305175781,85.4000015258789,85.9000015258789,76.15170288085938,27702836,0.0,0.0
2020-02-04 00:00:00+05:30,86.80000305175781,87.9000015258789,86.0999984741211,87.0999984741211,77.21551513671875,21444489,0.0,0.0
2020-02-05 00:00:00+05:30,87.5,88.69999694824219,87.0,88.1500015258789,78.1463623046875,18282043,0.0,0.0
2020-02-06 00:00:00+05:30,88.5999984741211,92.5,88.0,91.6500015258789,81.24917602539062,31183865,0.0,0.0
2020-02-07 00:00:00+05:30,91.55000305175781,92.75,90.25,92.05000305175781,81.60377502441406,19744328,0.0,0.0
2020-02-10 00:00:00+05:30,91.8499984741211,92.30000305175781,89.5999984741211,90.0999984741211,79.87506866455078,12920134,0.0,0.0
2020-02-11 00:00:00+05:30,90.80000305175781,91.5999984741211,90.0,90.3499984741211,80.09669494628906,10892762,0.0,0.0
2020-02-12 00:00:00+05:30,90.55000305175781,91.19999694824219,87.55000305175781,88.25,78.23501586914062,15597107,0.0,0.0
2020-02-13 00:00:00+05:30,88.25,89.0999984741211,87.75,88.05000305175781,78.0577163696289,14891172,0.0,0.0
2020-02-14 00:00:00+05:30,88.1500015258789,88.94999694824219,86.0999984741211,86.44999694824219,76.63928985595703,15401905,0.0,0.0
2020-02-17 00:00:00+05:30,85.30000305175781,86.3499984741211,82.0,82.30000305175781,72.96025085449219,22256419,0.0,0.0
2020-02-18 00:00:00+05:30,82.25,82.4000015258789,78.19999694824219,81.0,71.80777740478516,28227097,0.0,0.0
2020-02-19 00:00:00+05:30,81.69999694824219,82.5999984741211,80.19999694824219,81.0999984741211,71.89642333984375,15937963,0.0,0.0
2020-02-20 00:00:00+05:30,80.3499984741211,83.25,80.30000305175781,82.25,72.91592407226562,18131343,0.0,0.0
2020-02-24 00:00:00+05:30,80.9000015258789,82.0999984741211,79.69999694824219,79.9000015258789,70.83260345458984,15685366,0.0,0.0
2020-02-25 00:00:00+05:30,80.5,81.19999694824219,79.4000015258789,80.05000305175781,70.96558380126953,13755466,0.0,0.0
2020-02-26 00:00:00+05:30,79.25,81.05000305175781,79.05000305175781,80.19999694824219,71.09855651855469,15584386,0.0,0.0
2020-02-27 00:00:00+05:30,80.0,80.3499984741211,77.19999694824219,78.30000305175781,69.41419219970703,23401192,0.0,0.0
2020-02-28 00:00:00+05:30,76.4000015258789,77.5999984741211,73.30000305175781,76.30000305175781,67.64115142822266,34963801,0.0,0.0
2020-03-02 00:00:00+05:30,77.5,78.3499984741211,70.3499984741211,71.1500015258789,63.07559585571289,40961015,0.0,0.0
2020-03-03 00:00:00+05:30,71.25,73.4000015258789,71.0,72.9000015258789,64.62700653076172,23348154,0.0,0.0
2020-03-04 00:00:00+05:30,73.05000305175781,74.1500015258789,71.25,73.30000305175781,64.98161315917969,24339350,0.0,0.0
2020-03-05 00:00:00+05:30,73.19999694824219,75.3499984741211,70.6500015258789,73.6500015258789,65.29188537597656,27590830,0.0,0.0
2020-03-06 00:00:00+05:30,69.80000305175781,72.6500015258789,68.75,71.75,63.607505798339844,22864611,0.0,0.0
2020-03-09 00:00:00+05:30,69.69999694824219,72.5999984741211,68.5,69.3499984741211,61.4798698425293,25784019,0.0,0.0
2020-03-11 00:00:00+05:30,69.75,70.6500015258789,65.30000305175781,66.5999984741211,59.04194641113281,26729070,0.0,0.0
2020-03-12 00:00:00+05:30,62.099998474121094,62.95000076293945,56.150001525878906,56.650001525878906,50.22111892700195,34993748,0.0,0.0
2020-03-13 00:00:00+05:30,51.04999923706055,66.3499984741211,46.5,65.3499984741211,57.93380355834961,47239291,0.0,0.0
2020-03-16 00:00:00+05:30,62.0,64.44999694824219,60.29999923706055,63.70000076293945,56.4710578918457,26404655,0.0,0.0
2020-03-17 00:00:00+05:30,63.79999923706055,69.5999984741211,62.150001525878906,66.1500015258789,58.64301681518555,31265472,0.0,0.0
2020-03-18 00:00:00+05:30,66.0,67.30000305175781,63.0,65.1500015258789,57.75650405883789,31388917,0.0,0.0
2020-03-19 00:00:00+05:30,60.29999923706055,69.0,60.20000076293945,61.45000076293945,54.47639465332031,40171350,0.0,0.0
2020-03-20 00:00:00+05:30,62.04999923706055,66.9000015258789,61.849998474121094,63.25,56.072120666503906,31615664,0.0,0.0
2020-03-23 00:00:00+05:30,57.5,60.95000076293945,52.900001525878906,53.849998474121094,47.73887252807617,17303010,0.0,0.0
2020-03-24 00:00:00+05:30,55.04999923706055,56.900001525878906,51.70000076293945,55.400001525878906,49.11297607421875,19141492,0.0,0.0
2020-03-25 00:00:00+05:30,53.099998474121094,59.95000076293945,52.79999923706055,58.20000076293945,51.595218658447266,24727678,0.0,0.0
2020-03-26 00:00:00+05:30,59.20000076293945,60.04999923706055,54.75,55.95000076293945,49.600555419921875,30819416,0.0,0.0
2020-03-27 00:00:00+05:30,57.29999923706055,61.5,53.349998474121094,54.349998474121094,48.182132720947266,38981414,0.0,0.0
2020-03-30 00:00:00+05:30,52.099998474121094,53.849998474121094,51.29999923706055,52.45000076293945,46.49775695800781,18352697,0.0,0.0
2020-03-31 00:00:00+05:30,53.400001525878906,56.20000076293945,51.599998474121094,53.54999923706055,47.47291946411133,22322014,0.0,0.0
2020-04-01 00:00:00+05:30,54.0,54.349998474121094,50.79999923706055,51.25,45.43393325805664,16339932,0.0,0.0
2020-04-03 00:00:00+05:30,51.25,51.29999923706055,48.5,48.70000076293945,43.173316955566406,20734879,0.0,0.0
2020-04-07 00:00:00+05:30,50.25,50.900001525878906,47.70000076293945,48.150001525878906,42.68573760986328,25455987,0.0,0.0
2020-04-08 00:00:00+05:30,48.0,51.5,47.29999923706055,48.349998474121094,42.863033294677734,27158184,0.0,0.0
2020-04-09 00:00:00+05:30,49.0,51.900001525878906,48.79999923706055,50.900001525878906,45.123653411865234,26072505,0.0,0.0
2020-04-13 00:00:00+05:30,50.900001525878906,51.20000076293945,48.70000076293945,49.849998474121094,44.19281005859375,14154302,0.0,0.0
2020-04-15 00:00:00+05:30,50.20000076293945,51.900001525878906,48.5,48.95000076293945,43.39494323730469,20241232,0.0,0.0
2020-04-16 00:00:00+05:30,49.150001525878906,50.20000076293945,48.25,49.599998474121094,43.97118377685547,19193391,0.0,0.0
2020-04-17 00:00:00+05:30,51.25,52.349998474121094,49.04999923706055,50.20000076293945,44.50309371948242,35112523,0.0,0.0
2020-04-20 00:00:00+05:30,51.0,53.20000076293945,49.650001525878906,51.20000076293945,45.38960647583008,47810191,0.0,0.0
2020-04-21 00:00:00+05:30,49.79999923706055,50.0,48.400001525878906,48.54999923706055,43.04033660888672,23443042,0.0,0.0
2020-04-22 00:00:00+05:30,48.5,48.75,47.0,48.29999923706055,42.81871032714844,26224358,0.0,0.0
2020-04-23 00:00:00+05:30,48.599998474121094,49.20000076293945,48.0,48.45000076293945,42.95168685913086,16711632,0.0,0.0
2020-04-24 00:00:00+05:30,47.650001525878906,48.0,46.099998474121094,46.349998474121094,41.090003967285156,18982469,0.0,0.0
2020-04-27 00:00:00+05:30,47.25,47.79999923706055,46.54999923706055,46.75,41.444610595703125,17013194,0.0,0.0
2020-04-28 00:00:00+05:30,47.0,47.5,46.70000076293945,47.29999923706055,41.932193756103516,17324239,0.0,0.0
2020-04-29 00:00:00+05:30,47.54999923706055,48.650001525878906,47.20000076293945,48.099998474121094,42.64140701293945,26516294,0.0,0.0
2020-04-30 00:00:00+05:30,49.0,51.25,48.400001525878906,49.20000076293945,43.6165771484375,41910726,0.0,0.0
2020-05-04 00:00:00+05:30,48.0,48.0,45.5,45.849998474121094,40.64674758911133,23189709,0.0,0.0
2020-05-05 00:00:00+05:30,46.5,46.5,43.79999923706055,44.0,39.006690979003906,26003403,0.0,0.0
2020-05-06 00:00:00+05:30,44.0,44.20000076293945,41.79999923706055,42.29999923706055,37.49961471557617,33143222,0.0,0.0
2020-05-07 00:00:00+05:30,42.0,43.25,41.599998474121094,42.5,37.676918029785156,17313624,0.0,0.0
2020-05-08 00:00:00+05:30,43.0,43.349998474121094,41.0,41.099998474121094,36.43579864501953,19319340,0.0,0.0
2020-05-11 00:00:00+05:30,41.849998474121094,41.849998474121094,40.54999923706055,41.0,36.347145080566406,19452306,0.0,0.0
2020-05-12 00:00:00+05:30,40.599998474121094,41.54999923706055,39.349998474121094,41.04999923706055,36.3914680480957,24650906,0.0,0.0
2020-05-13 00:00:00+05:30,44.0,45.150001525878906,42.20000076293945,44.150001525878906,39.139671325683594,57645381,0.0,0.0
2020-05-14 00:00:00+05:30,43.599998474121094,44.900001525878906,42.849998474121094,43.150001525878906,38.25315856933594,26195162,0.0,0.0
2020-05-15 00:00:00+05:30,43.150001525878906,43.599998474121094,41.400001525878906,41.599998474121094,36.87905502319336,24225903,0.0,0.0
2020-05-18 00:00:00+05:30,41.5,41.70000076293945,38.349998474121094,38.599998474121094,34.21950912475586,35347912,0.0,0.0
2020-05-19 00:00:00+05:30,39.0,39.29999923706055,36.29999923706055,36.5,32.357826232910156,43613240,0.0,0.0
2020-05-20 00:00:00+05:30,36.150001525878906,37.20000076293945,36.0,36.650001525878906,32.490806579589844,28593538,0.0,0.0
2020-05-21 00:00:00+05:30,36.95000076293945,39.099998474121094,36.599998474121094,37.54999923706055,33.288665771484375,53392745,0.0,0.0
2020-05-22 00:00:00+05:30,37.70000076293945,39.25,36.75,37.45000076293945,33.20001220703125,51974577,0.0,0.0
2020-05-26 00:00:00+05:30,37.849998474121094,38.349998474121094,36.70000076293945,37.099998474121094,32.88972854614258,33523817,0.0,0.0
2020-05-27 00:00:00+05:30,37.29999923706055,38.900001525878906,36.75,38.5,34.130855560302734,43369930,0.0,0.0
2020-05-28 00:00:00+05:30,38.54999923706055,39.95000076293945,38.29999923706055,38.599998474121094,34.21950912475586,51180429,0.0,0.0
2020-05-29 00:00:00+05:30,38.45000076293945,39.150001525878906,37.5,38.95000076293945,34.529788970947266,33859195,0.0,0.0
2020-06-01 00:00:00+05:30,39.70000076293945,42.79999923706055,39.400001525878906,42.45000076293945,37.632591247558594,78512022,0.0,0.0
2020-06-02 00:00:00+05:30,42.75,43.099998474121094,41.349998474121094,42.099998474121094,37.32230758666992,45380371,0.0,0.0
2020-06-03 00:00:00+05:30,42.900001525878906,45.099998474121094,42.29999923706055,43.150001525878906,38.25315856933594,73275527,0.0,0.0
2020-06-04 00:00:00+05:30,43.400001525878906,45.099998474121094,42.29999923706055,42.79999923706055,37.94287872314453,72264968,0.0,0.0
2020-06-05 00:00:00+05:30,43.25,47.0,43.150001525878906,46.5,41.22298049926758,77982816,0.0,0.0
2020-06-08 00:00:00+05:30,48.0,49.0,45.400001525878906,45.75,40.55809783935547,74312392,0.0,0.0
2020-06-09 00:00:00+05:30,45.75,47.54999923706055,44.400001525878906,45.79999923706055,40.602420806884766,71124780,0.0,0.0
2020-06-10 00:00:00+05:30,45.70000076293945,47.400001525878906,45.54999923706055,47.0,41.66624069213867,44735559,0.0,0.0
2020-06-11 00:00:00+05:30,47.20000076293945,47.95000076293945,45.0,45.150001525878906,40.026187896728516,53650564,0.0,0.0
2020-06-12 00:00:00+05:30,42.0,45.599998474121094,41.849998474121094,45.45000076293945,40.29214096069336,44354760,0.0,0.0
2020-06-15 00:00:00+05:30,45.20000076293945,46.29999923706055,43.650001525878906,45.95000076293945,40.73540115356445,50668567,0.0,0.0
2020-06-16 00:00:00+05:30,47.0,47.400001525878906,43.75,44.849998474121094,39.760231018066406,48129454,0.0,0.0
2020-06-17 00:00:00+05:30,44.5,45.650001525878906,43.849998474121094,44.900001525878906,39.804561614990234,39634440,0.0,0.0
2020-06-18 00:00:00+05:30,44.79999923706055,46.45000076293945,44.54999923706055,45.95000076293945,40.73540115356445,30454202,0.0,0.0
2020-06-19 00:00:00+05:30,46.45000076293945,47.5,45.900001525878906,47.04999923706055,41.710567474365234,48150710,0.0,0.0
2020-06-22 00:00:00+05:30,47.54999923706055,50.099998474121094,47.400001525878906,49.400001525878906,43.79387664794922,65558629,0.0,0.0
2020-06-23 00:00:00+05:30,50.599998474121094,51.04999923706055,49.5,50.5,44.769046783447266,64519175,0.0,0.0
2020-06-24 00:00:00+05:30,54.79999923706055,54.79999923706055,51.099998474121094,51.599998474121094,45.74421310424805,135170862,0.0,0.0
2020-06-25 00:00:00+05:30,51.0,53.0,50.099998474121094,52.0,46.09881591796875,63333486,0.0,0.0
2020-06-26 00:00:00+05:30,52.900001525878906,53.099998474121094,51.5,51.849998474121094,45.96583938598633,36645445,0.0,0.0
2020-06-29 00:00:00+05:30,51.5,51.5,48.95000076293945,49.25,43.66090393066406,33607170,0.0,0.0
2020-06-30 00:00:00+05:30,49.79999923706055,50.29999923706055,48.29999923706055,48.599998474121094,43.084659576416016,24089605,0.0,0.0
2020-07-01 00:00:00+05:30,48.650001525878906,51.70000076293945,48.20000076293945,51.400001525878906,45.56691360473633,56375631,0.0,0.0
2020-07-02 00:00:00+05:30,51.54999923706055,52.400001525878906,50.54999923706055,51.5,45.65555953979492,48615605,0.0,0.0
2020-07-03 00:00:00+05:30,51.599998474121094,51.849998474121094,50.54999923706055,50.75,44.99067687988281,26625837,0.0,0.0
2020-07-06 00:00:00+05:30,51.0,52.0,50.900001525878906,51.45000076293945,45.611236572265625,28184041,0.0,0.0
2020-07-07 00:00:00+05:30,51.400001525878906,51.400001525878906,49.70000076293945,50.79999923706055,45.03499984741211,36426730,0.0,0.0
2020-07-08 00:00:00+05:30,50.79999923706055,54.099998474121094,50.75,52.75,46.76370620727539,96883829,0.0,0.0
2020-07-09 00:00:00+05:30,53.0,53.5,51.900001525878906,52.79999923706055,46.80802917480469,37523589,0.0,0.0
2020-07-10 00:00:00+05:30,52.150001525878906,53.349998474121094,50.900001525878906,51.599998474121094,45.74421310424805,36913261,0.0,0.0
2020-07-13 00:00:00+05:30,52.0,52.45000076293945,50.150001525878906,50.54999923706055,44.81336975097656,31367756,0.0,0.0
2020-07-14 00:00:00+05:30,50.29999923706055,50.29999923706055,48.099998474121094,49.0,43.43927001953125,35213141,0.0,0.0
2020-07-15 00:00:00+05:30,49.5,49.900001525878906,47.20000076293945,47.54999923706055,42.15382385253906,31647134,0.0,0.0
2020-07-16 00:00:00+05:30,48.0,48.349998474121094,46.900001525878906,48.099998474121094,42.64140701293945,22261317,0.0,0.0
2020-07-17 00:00:00+05:30,48.25,49.70000076293945,48.04999923706055,49.400001525878906,43.79387664794922,23121971,0.0,0.0
2020-07-20 00:00:00+05:30,49.45000076293945,50.29999923706055,48.400001525878906,48.650001525878906,43.12899398803711,33226925,0.0,0.0
2020-07-21 00:00:00+05:30,49.45000076293945,49.849998474121094,48.70000076293945,49.400001525878906,43.79387664794922,26865913,0.0,0.0
2020-07-22 00:00:00+05:30,49.5,49.95000076293945,48.349998474121094,48.70000076293945,43.173316955566406,27424578,0.0,0.0
2020-07-23 00:00:00+05:30,48.900001525878906,49.650001525878906,48.5,49.25,43.66090393066406,23205494,0.0,0.0
2020-07-24 00:00:00+05:30,48.599998474121094,49.099998474121094,47.70000076293945,48.599998474121094,43.084659576416016,21487345,0.0,0.0
2020-07-27 00:00:00+05:30,48.599998474121094,48.599998474121094,46.54999923706055,46.650001525878906,41.355960845947266,25743409,0.0,0.0
2020-07-28 00:00:00+05:30,46.79999923706055,47.25,45.95000076293945,46.79999923706055,41.48893356323242,20236612,0.0,0.0
2020-07-29 00:00:00+05:30,47.0,48.650001525878906,46.849998474121094,47.349998474121094,41.97651672363281,32645844,0.0,0.0
2020-07-30 00:00:00+05:30,47.70000076293945,47.900001525878906,45.70000076293945,45.95000076293945,40.73540115356445,24738261,0.0,0.0
2020-07-31 00:00:00+05:30,46.0,47.20000076293945,45.45000076293945,46.79999923706055,41.48893356323242,31803669,0.0,0.0
2020-08-03 00:00:00+05:30,46.45000076293945,47.5,46.20000076293945,46.849998474121094,41.533260345458984,20459628,0.0,0.0
2020-08-04 00:00:00+05:30,47.0,47.20000076293945,45.900001525878906,46.5,41.22298049926758,24686318,0.0,0.0
2020-08-05 00:00:00+05:30,46.70000076293945,47.45000076293945,46.25,46.349998474121094,41.090003967285156,25598777,0.0,0.0
2020-08-06 00:00:00+05:30,46.79999923706055,47.04999923706055,45.900001525878906,46.25,41.0013542175293,25763344,0.0,0.0
2020-08-07 00:00:00+05:30,46.400001525878906,48.849998474121094,46.099998474121094,48.349998474121094,42.863033294677734,37146011,0.0,0.0
2020-08-10 00:00:00+05:30,48.95000076293945,49.25,47.900001525878906,48.54999923706055,43.04033660888672,28220281,0.0,0.0
2020-08-11 00:00:00+05:30,47.0,48.400001525878906,46.70000076293945,47.099998474121094,41.7548942565918,36464567,0.0,0.0
2020-08-12 00:00:00+05:30,47.599998474121094,49.900001525878906,47.20000076293945,48.599998474121094,43.084659576416016,73911653,0.0,0.0
2020-08-13 00:00:00+05:30,48.79999923706055,49.0,47.79999923706055,48.099998474121094,42.64140701293945,21610816,0.0,0.0
2020-08-14 00:00:00+05:30,48.5,48.5,45.79999923706055,46.099998474121094,40.86837387084961,40561013,0.0,0.0
2020-08-17 00:00:00+05:30,46.70000076293945,46.75,45.650001525878906,46.150001525878906,40.91270065307617,26149211,0.0,0.0
2020-08-18 00:00:00+05:30,46.400001525878906,46.650001525878906,45.650001525878906,46.5,41.22298049926758,34889012,0.0,0.0
2020-08-19 00:00:00+05:30,46.70000076293945,47.75,46.599998474121094,47.599998474121094,42.19814682006836,27392535,0.0,0.0
2020-08-20 00:00:00+05:30,47.150001525878906,48.0,46.400001525878906,47.45000076293945,42.06517791748047,22310955,0.0,0.0
2020-08-21 00:00:00+05:30,47.95000076293945,48.849998474121094,47.70000076293945,48.349998474121094,42.863033294677734,22911875,0.0,0.0
2020-08-24 00:00:00+05:30,48.70000076293945,48.79999923706055,47.5,48.349998474121094,42.863033294677734,39209021,0.0,0.0
2020-08-25 00:00:00+05:30,48.599998474121094,49.5,48.45000076293945,48.70000076293945,43.173316955566406,42066104,0.0,0.0
2020-08-26 00:00:00+05:30,48.54999923706055,49.099998474121094,48.150001525878906,48.45000076293945,42.95168685913086,24376702,0.0,0.0
2020-08-27 00:00:00+05:30,48.79999923706055,49.5,48.54999923706055,48.70000076293945,43.173316955566406,34037234,0.0,0.0
2020-08-28 00:00:00+05:30,49.04999923706055,52.20000076293945,48.900001525878906,51.599998474121094,45.74421310424805,101654516,0.0,0.0
2020-08-31 00:00:00+05:30,53.5,53.95000076293945,48.04999923706055,48.95000076293945,43.39494323730469,54488989,0.0,0.0
2020-09-01 00:00:00+05:30,49.5,49.79999923706055,46.849998474121094,47.54999923706055,42.15382385253906,43888630,0.0,0.0
2020-09-02 00:00:00+05:30,47.79999923706055,48.25,46.70000076293945,47.25,41.88786697387695,32628864,0.0,0.0
2020-09-03 00:00:00+05:30,47.79999923706055,47.95000076293945,47.04999923706055,47.29999923706055,41.932193756103516,20869725,0.0,0.0
2020-09-04 00:00:00+05:30,46.70000076293945,47.04999923706055,45.75,45.900001525878906,40.691078186035156,37393468,0.0,0.0
2020-09-07 00:00:00+05:30,46.0,46.5,45.0,46.20000076293945,40.957027435302734,30300060,0.0,0.0
2020-09-08 00:00:00+05:30,46.29999923706055,46.45000076293945,45.04999923706055,45.25,40.114837646484375,26695514,0.0,0.0
2020-09-09 00:00:00+05:30,44.79999923706055,44.79999923706055,43.79999923706055,44.349998474121094,39.31697082519531,19912040,0.0,0.0
2020-09-10 00:00:00+05:30,44.79999923706055,45.79999923706055,44.599998474121094,45.599998474121094,40.42511749267578,17528590,0.0,0.0
2020-09-11 00:00:00+05:30,45.5,46.099998474121094,45.29999923706055,45.95000076293945,40.73540115356445,13133617,0.0,0.0
2020-09-14 00:00:00+05:30,46.150001525878906,46.650001525878906,46.0,46.150001525878906,40.91270065307617,15548134,0.0,0.0
2020-09-15 00:00:00+05:30,46.25,46.70000076293945,45.650001525878906,46.54999923706055,41.26730728149414,12525341,0.0,0.0
2020-09-16 00:00:00+05:30,46.54999923706055,46.70000076293945,45.849998474121094,46.45000076293945,41.178653717041016,10517836,0.0,0.0
2020-09-17 00:00:00+05:30,45.79999923706055,46.29999923706055,45.5,45.599998474121094,40.42511749267578,12133041,0.0,0.0
2020-09-18 00:00:00+05:30,45.849998474121094,45.900001525878906,44.900001525878906,45.04999923706055,39.93753433227539,14227945,0.0,0.0
2020-09-21 00:00:00+05:30,45.29999923706055,45.29999923706055,42.5,42.849998474121094,37.98719787597656,23382228,0.0,0.0
2020-09-22 00:00:00+05:30,42.650001525878906,42.95000076293945,40.849998474121094,42.29999923706055,37.49961471557617,26901699,0.0,0.0
2020-09-23 00:00:00+05:30,42.70000076293945,42.79999923706055,40.849998474121094,41.54999923706055,36.8347282409668,23937482,0.0,0.0
2020-09-24 00:00:00+05:30,40.75,41.20000076293945,39.650001525878906,39.849998474121094,35.32765197753906,21988800,0.0,0.0
2020-09-25 00:00:00+05:30,40.20000076293945,41.849998474121094,39.5,41.54999923706055,36.8347282409668,21522463,0.0,0.0
2020-09-28 00:00:00+05:30,42.099998474121094,43.45000076293945,41.650001525878906,43.349998474121094,38.430458068847656,21360150,0.0,0.0
2020-09-29 00:00:00+05:30,43.400001525878906,43.599998474121094,40.70000076293945,41.349998474121094,36.65742874145508,31387359,0.0,0.0
2020-09-30 00:00:00+05:30,41.650001525878906,41.650001525878906,40.29999923706055,41.04999923706055,36.3914680480957,32130906,0.0,0.0
2020-10-01 00:00:00+05:30,41.349998474121094,42.599998474121094,41.349998474121094,41.95000076293945,37.18933868408203,21969216,0.0,0.0
2020-10-05 00:00:00+05:30,42.099998474121094,42.79999923706055,41.400001525878906,41.54999923706055,36.8347282409668,21946326,0.0,0.0
2020-10-06 00:00:00+05:30,41.79999923706055,42.25,40.79999923706055,42.04999923706055,37.27798843383789,29879095,0.0,0.0
2020-10-07 00:00:00+05:30,42.0,42.25,41.29999923706055,41.5,36.7904052734375,13207267,0.0,0.0
2020-10-08 00:00:00+05:30,41.849998474121094,43.45000076293945,41.599998474121094,42.599998474121094,37.765567779541016,29261197,0.0,0.0
2020-10-09 00:00:00+05:30,42.5,44.45000076293945,41.95000076293945,44.29999923706055,39.27264404296875,27476445,0.0,0.0
2020-10-12 00:00:00+05:30,44.400001525878906,45.54999923706055,41.20000076293945,41.79999923706055,37.05635452270508,36830839,0.0,0.0
2020-10-13 00:00:00+05:30,41.79999923706055,42.150001525878906,41.20000076293945,41.29999923706055,36.613101959228516,19646627,0.0,0.0
2020-10-14 00:00:00+05:30,41.5,42.25,40.349998474121094,42.04999923706055,37.27798843383789,17707153,0.0,0.0
2020-10-15 00:00:00+05:30,41.900001525878906,42.75,40.0,40.349998474121094,35.77090835571289,22010503,0.0,0.0
2020-10-16 00:00:00+05:30,40.70000076293945,41.099998474121094,39.900001525878906,40.29999923706055,35.72658157348633,18306969,0.0,0.0
2020-10-19 00:00:00+05:30,41.0,43.849998474121094,40.54999923706055,43.599998474121094,38.6520881652832,43030607,0.0,0.0
2020-10-20 00:00:00+05:30,43.04999923706055,43.25,41.45000076293945,41.849998474121094,37.10068130493164,38021799,0.0,0.0
2020-10-21 00:00:00+05:30,42.20000076293945,43.29999923706055,41.650001525878906,42.54999923706055,37.72124481201172,30554283,0.0,0.0
2020-10-22 00:00:00+05:30,42.400001525878906,43.20000076293945,41.849998474121094,42.849998474121094,37.98719787597656,27573786,0.0,0.0
2020-10-23 00:00:00+05:30,42.900001525878906,43.650001525878906,42.79999923706055,43.150001525878906,38.25315856933594,27661343,0.0,0.0
2020-10-26 00:00:00+05:30,43.04999923706055,43.75,42.54999923706055,42.70000076293945,37.85422134399414,33556100,0.0,0.0
2020-10-27 00:00:00+05:30,42.70000076293945,43.099998474121094,41.5,42.900001525878906,38.03152847290039,21932525,0.0,0.0
2020-10-28 00:00:00+05:30,42.79999923706055,43.20000076293945,41.650001525878906,42.0,37.23366165161133,20409998,0.0,0.0
2020-10-29 00:00:00+05:30,41.75,43.45000076293945,41.04999923706055,42.95000076293945,38.07585144042969,37137960,0.0,0.0
2020-10-30 00:00:00+05:30,43.25,43.45000076293945,41.349998474121094,41.70000076293945,36.967708587646484,45661090,0.0,0.0
2020-11-02 00:00:00+05:30,42.099998474121094,45.25,41.849998474121094,44.849998474121094,39.760231018066406,61695399,0.0,0.0
2020-11-03 00:00:00+05:30,44.599998474121094,45.75,43.79999923706055,45.04999923706055,39.93753433227539,38365746,0.0,0.0
2020-11-04 00:00:00+05:30,44.75,45.29999923706055,43.400001525878906,45.04999923706055,39.93753433227539,35144741,0.0,0.0
2020-11-05 00:00:00+05:30,45.29999923706055,46.54999923706055,45.04999923706055,45.75,40.55809783935547,31843085,0.0,0.0
2020-11-06 00:00:00+05:30,45.599998474121094,46.400001525878906,45.099998474121094,45.79999923706055,40.602420806884766,25675306,0.0,0.0
2020-11-09 00:00:00+05:30,46.349998474121094,47.400001525878906,46.0,46.75,41.444610595703125,30062307,0.0,0.0
2020-11-10 00:00:00+05:30,47.0,48.79999923706055,46.5,48.20000076293945,42.73006057739258,39007158,0.0,0.0
2020-11-11 00:00:00+05:30,48.29999923706055,48.900001525878906,46.70000076293945,47.20000076293945,41.843544006347656,35470779,0.0,0.0
2020-11-12 00:00:00+05:30,47.099998474121094,47.25,45.400001525878906,45.650001525878906,40.46944808959961,30619367,0.0,0.0
2020-11-13 00:00:00+05:30,45.45000076293945,46.75,44.400001525878906,46.54999923706055,41.26730728149414,26724684,0.0,0.0
2020-11-14 00:00:00+05:30,47.150001525878906,47.20000076293945,46.400001525878906,46.650001525878906,41.355960845947266,2862425,0.0,0.0
2020-11-17 00:00:00+05:30,46.70000076293945,47.900001525878906,46.70000076293945,47.54999923706055,42.15382385253906,21494471,0.0,0.0
2020-11-18 00:00:00+05:30,47.150001525878906,49.900001525878906,47.0,49.599998474121094,43.97118377685547,52946624,0.0,0.0
2020-11-19 00:00:00+05:30,49.349998474121094,49.349998474121094,47.650001525878906,47.95000076293945,42.50843048095703,27880377,0.0,0.0
2020-11-20 00:00:00+05:30,47.95000076293945,48.29999923706055,47.20000076293945,47.54999923706055,42.15382385253906,17592043,0.0,0.0
2020-11-23 00:00:00+05:30,47.849998474121094,48.20000076293945,46.70000076293945,46.900001525878906,41.57758712768555,20454971,0.0,0.0
2020-11-24 00:00:00+05:30,47.20000076293945,47.45000076293945,46.0,46.849998474121094,41.533260345458984,31404794,0.0,0.0
2020-11-25 00:00:00+05:30,47.54999923706055,50.70000076293945,47.29999923706055,49.04999923706055,43.48359298706055,95600102,0.0,0.0
2020-11-26 00:00:00+05:30,49.099998474121094,51.5,48.25,51.150001525878906,45.345279693603516,55805690,0.0,0.0
2020-11-27 00:00:00+05:30,51.150001525878906,52.5,50.599998474121094,51.349998474121094,45.5225830078125,61204165,0.0,0.0
2020-12-01 00:00:00+05:30,51.54999923706055,54.20000076293945,51.150001525878906,53.75,47.65022277832031,58316841,0.0,0.0
2020-12-02 00:00:00+05:30,53.95000076293945,55.25,53.04999923706055,54.099998474121094,47.96049880981445,61231380,0.0,0.0
2020-12-03 00:00:00+05:30,54.650001525878906,58.70000076293945,54.349998474121094,58.29999923706055,51.683868408203125,88098471,0.0,0.0
2020-12-04 00:00:00+05:30,58.900001525878906,59.75,56.599998474121094,59.04999923706055,52.3487548828125,73822092,0.0,0.0
2020-12-07 00:00:00+05:30,59.20000076293945,61.0,58.5,60.150001525878906,53.32392120361328,63605512,0.0,0.0
2020-12-08 00:00:00+05:30,60.150001525878906,66.1500015258789,59.900001525878906,65.19999694824219,57.80082702636719,134428758,0.0,0.0
2020-12-09 00:00:00+05:30,67.3499984741211,67.5999984741211,64.19999694824219,65.5999984741211,58.155433654785156,115081316,0.0,0.0
2020-12-10 00:00:00+05:30,64.94999694824219,66.80000305175781,62.900001525878906,66.3499984741211,58.82032012939453,69017267,0.0,0.0
2020-12-11 00:00:00+05:30,66.3499984741211,68.25,65.0,65.44999694824219,58.02245330810547,73246944,0.0,0.0
2020-12-14 00:00:00+05:30,66.3499984741211,67.5,66.1500015258789,67.0,59.39655303955078,40028589,0.0,0.0
2020-12-15 00:00:00+05:30,67.1500015258789,68.0999984741211,65.5,67.1500015258789,59.5295295715332,43111626,0.0,0.0
2020-12-16 00:00:00+05:30,67.69999694824219,67.9000015258789,65.6500015258789,66.4000015258789,58.864646911621094,33186305,0.0,0.0
2020-12-17 00:00:00+05:30,66.4000015258789,67.1500015258789,63.349998474121094,63.79999923706055,56.5597038269043,39697753,0.0,0.0
2020-12-18 00:00:00+05:30,63.95000076293945,64.25,62.0,63.099998474121094,55.939144134521484,38450486,0.0,0.0
2020-12-21 00:00:00+05:30,62.25,63.5,56.79999923706055,58.79999923706055,52.12712860107422,50895629,0.0,0.0
2020-12-22 00:00:00+05:30,58.150001525878906,60.0,56.20000076293945,58.79999923706055,52.12712860107422,52670734,0.0,0.0
2020-12-23 00:00:00+05:30,58.79999923706055,60.79999923706055,58.349998474121094,60.54999923706055,53.67852783203125,32358417,0.0,0.0
2020-12-24 00:00:00+05:30,61.04999923706055,63.25,60.599998474121094,60.849998474121094,53.94448471069336,39083563,0.0,0.0
2020-12-28 00:00:00+05:30,61.5,62.95000076293945,61.25,62.400001525878906,55.318580627441406,27299489,0.0,0.0
2020-12-29 00:00:00+05:30,63.0,64.19999694824219,62.099998474121094,62.349998474121094,55.274253845214844,41508873,0.0,0.0
2020-12-30 00:00:00+05:30,63.0,63.25,60.75,62.099998474121094,55.0526237487793,33108560,0.0,0.0
2020-12-31 00:00:00+05:30,62.099998474121094,62.54999923706055,61.150001525878906,61.45000076293945,54.47639465332031,22488846,0.0,0.0
2021-01-01 00:00:00+05:30,61.79999923706055,64.80000305175781,61.599998474121094,64.5,57.18026351928711,43369915,0.0,0.0
2021-01-04 00:00:00+05:30,65.0999984741211,66.30000305175781,64.30000305175781,65.80000305175781,58.332740783691406,40279407,0.0,0.0
2021-01-05 00:00:00+05:30,65.19999694824219,66.25,64.80000305175781,65.5999984741211,58.155433654785156,31735002,0.0,0.0
2021-01-06 00:00:00+05:30,66.0,67.69999694824219,64.69999694824219,65.5,58.0667839050293,47643226,0.0,0.0
2021-01-07 00:00:00+05:30,66.5,67.0,65.75,66.1500015258789,58.64301681518555,27985323,0.0,0.0
2021-01-08 00:00:00+05:30,67.0,67.1500015258789,65.30000305175781,65.55000305175781,58.111114501953125,22794827,0.0,0.0
2021-01-11 00:00:00+05:30,66.0,66.1500015258789,63.75,64.25,56.95863723754883,23307584,0.0,0.0
2021-01-12 00:00:00+05:30,63.900001525878906,71.69999694824219,63.099998474121094,70.75,62.720985412597656,81300070,0.0,0.0
2021-01-13 00:00:00+05:30,72.0,76.0,70.05000305175781,75.25,66.7103042602539,127567552,0.0,0.0
2021-01-14 00:00:00+05:30,75.3499984741211,77.9000015258789,74.69999694824219,76.19999694824219,67.55249786376953,73557480,0.0,0.0
2021-01-15 00:00:00+05:30,76.5,77.80000305175781,72.8499984741211,75.1500015258789,66.62165832519531,61065625,0.0,0.0
2021-01-18 00:00:00+05:30,75.44999694824219,77.0999984741211,72.05000305175781,73.05000305175781,64.7599868774414,58500838,0.0,0.0
2021-01-19 00:00:00+05:30,73.44999694824219,75.94999694824219,73.19999694824219,75.75,67.153564453125,36969600,0.0,0.0
2021-01-20 00:00:00+05:30,75.8499984741211,80.30000305175781,75.05000305175781,79.44999694824219,70.43367004394531,61542233,0.0,0.0
2021-01-21 00:00:00+05:30,80.1500015258789,80.80000305175781,75.1500015258789,76.30000305175781,67.64115142822266,53482170,0.0,0.0
2021-01-22 00:00:00+05:30,76.1500015258789,77.3499984741211,73.0,73.3499984741211,65.02592468261719,45531180,0.0,0.0
2021-01-25 00:00:00+05:30,74.5999984741211,76.1500015258789,70.4000015258789,73.8499984741211,65.46919250488281,53420249,0.0,0.0
2021-01-27 00:00:00+05:30,73.55000305175781,75.5,72.0,74.05000305175781,65.64649200439453,72480794,0.0,0.0
2021-01-28 00:00:00+05:30,72.44999694824219,72.80000305175781,64.5,66.75,59.1749267578125,153754944,0.0,0.0
2021-01-29 00:00:00+05:30,67.94999694824219,70.1500015258789,66.4000015258789,68.05000305175781,60.32740783691406,72845577,0.0,0.0
2021-02-01 00:00:00+05:30,68.94999694824219,74.4000015258789,67.69999694824219,73.9000015258789,65.5135269165039,88439891,0.0,0.0
2021-02-02 00:00:00+05:30,75.0,76.94999694824219,73.3499984741211,74.6500015258789,66.17840576171875,73020753,0.0,0.0
2021-02-03 00:00:00+05:30,75.4000015258789,78.8499984741211,73.5,77.0999984741211,68.3503646850586,65076252,0.0,0.0
2021-02-04 00:00:00+05:30,77.0999984741211,83.0999984741211,76.0999984741211,82.05000305175781,72.73861694335938,95917593,0.0,0.0
2021-02-05 00:00:00+05:30,83.69999694824219,89.0,81.69999694824219,82.5,73.13755798339844,121275419,0.0,0.0
2021-02-08 00:00:00+05:30,83.5,85.0999984741211,80.0999984741211,80.94999694824219,71.7634506225586,44535603,0.0,0.0
2021-02-09 00:00:00+05:30,81.4000015258789,83.1500015258789,78.94999694824219,80.19999694824219,71.09855651855469,56527410,0.0,0.0
2021-02-10 00:00:00+05:30,80.0999984741211,81.0999984741211,78.0,79.69999694824219,70.65530395507812,43516962,0.0,0.0
2021-02-11 00:00:00+05:30,79.6500015258789,81.19999694824219,76.8499984741211,77.19999694824219,68.43901824951172,65851076,0.0,0.0
2021-02-12 00:00:00+05:30,77.44999694824219,79.5,77.0,78.3499984741211,69.45851135253906,48490727,0.0,0.0
2021-02-15 00:00:00+05:30,79.0999984741211,80.69999694824219,78.5999984741211,79.55000305175781,70.52232360839844,39681236,0.0,0.0
2021-02-16 00:00:00+05:30,80.4000015258789,81.75,78.5999984741211,79.69999694824219,70.65530395507812,44803164,0.0,0.0
2021-02-17 00:00:00+05:30,79.5999984741211,85.5,79.1500015258789,84.19999694824219,74.64461517333984,109833018,0.0,0.0
2021-02-18 00:00:00+05:30,85.5,96.69999694824219,84.4000015258789,95.6500015258789,84.79524230957031,256891275,0.0,0.0
2021-02-19 00:00:00+05:30,95.94999694824219,99.8499984741211,88.6500015258789,91.19999694824219,80.85023498535156,184205581,0.0,0.0
2021-02-22 00:00:00+05:30,91.4000015258789,93.75,88.80000305175781,89.55000305175781,79.38748168945312,75628484,0.0,0.0
2021-02-23 00:00:00+05:30,90.30000305175781,91.5999984741211,86.05000305175781,86.8499984741211,76.993896484375,68592567,0.0,0.0
2021-02-24 00:00:00+05:30,87.4000015258789,90.30000305175781,86.4000015258789,88.3499984741211,78.32366943359375,40874043,0.0,0.0
2021-02-25 00:00:00+05:30,89.9000015258789,90.6500015258789,89.0,89.94999694824219,79.7420883178711,52500068,0.0,0.0
2021-02-26 00:00:00+05:30,86.9000015258789,87.19999694824219,85.0,85.4000015258789,75.70844268798828,87811972,0.0,0.0
2021-03-01 00:00:00+05:30,85.4000015258789,86.3499984741211,82.9000015258789,83.3499984741211,73.89108276367188,51758155,0.0,0.0
2021-03-02 00:00:00+05:30,84.0,85.25,83.05000305175781,83.30000305175781,73.84676361083984,39147694,0.0,0.0
2021-03-03 00:00:00+05:30,84.0999984741211,86.9000015258789,84.0999984741211,85.5999984741211,75.88575744628906,55604904,0.0,0.0
2021-03-04 00:00:00+05:30,85.0,87.80000305175781,84.1500015258789,85.80000305175781,76.06305694580078,62171034,0.0,0.0
2021-03-05 00:00:00+05:30,85.19999694824219,85.80000305175781,79.5,80.6500015258789,71.49749755859375,100394468,0.0,0.0
2021-03-08 00:00:00+05:30,82.0,83.5,80.69999694824219,81.19999694824219,71.98507690429688,49714873,0.0,0.0
2021-03-09 00:00:00+05:30,82.0,82.6500015258789,78.6500015258789,80.30000305175781,71.18721771240234,35236058,0.0,0.0
2021-03-10 00:00:00+05:30,81.3499984741211,81.9000015258789,79.6500015258789,80.0,70.92125701904297,36342485,0.0,0.0
2021-03-12 00:00:00+05:30,80.75,80.9000015258789,76.5999984741211,77.3499984741211,68.5719985961914,54547934,0.0,0.0
2021-03-15 00:00:00+05:30,77.94999694824219,79.69999694824219,76.0,78.8499984741211,69.90176391601562,74971277,0.0,0.0
2021-03-16 00:00:00+05:30,79.5,79.94999694824219,76.4000015258789,78.8499984741211,69.90176391601562,65198270,0.0,0.0
2021-03-17 00:00:00+05:30,78.69999694824219,79.0,74.25,74.8499984741211,66.35569763183594,47739117,0.0,0.0
2021-03-18 00:00:00+05:30,75.9000015258789,76.94999694824219,70.9000015258789,71.94999694824219,63.7848014831543,61825454,0.0,0.0
2021-03-19 00:00:00+05:30,70.8499984741211,74.3499984741211,69.55000305175781,73.69999694824219,65.33621215820312,63657565,0.0,0.0
2021-03-22 00:00:00+05:30,73.80000305175781,74.6500015258789,71.75,72.44999694824219,64.22806549072266,43215479,0.0,0.0
2021-03-23 00:00:00+05:30,72.9000015258789,75.8499984741211,72.80000305175781,74.25,65.82379150390625,66644024,0.0,0.0
2021-03-24 00:00:00+05:30,74.3499984741211,75.1500015258789,71.3499984741211,71.80000305175781,63.651832580566406,53558041,0.0,0.0
2021-03-25 00:00:00+05:30,72.0,72.30000305175781,68.0,70.05000305175781,62.100425720214844,57493782,0.0,0.0
2021-03-26 00:00:00+05:30,71.4000015258789,71.9000015258789,70.19999694824219,70.75,62.720985412597656,34963255,0.0,0.0
2021-03-30 00:00:00+05:30,71.9000015258789,74.19999694824219,70.8499984741211,72.25,64.05076599121094,83791456,0.0,0.0
2021-03-31 00:00:00+05:30,72.0999984741211,75.44999694824219,71.69999694824219,74.0999984741211,65.69081115722656,54265324,0.0,0.0
2021-04-01 00:00:00+05:30,74.80000305175781,76.0,73.5,75.5999984741211,67.02058410644531,38540206,0.0,0.0
2021-04-05 00:00:00+05:30,75.0999984741211,75.6500015258789,70.80000305175781,72.69999694824219,64.44969177246094,37343942,0.0,0.0
2021-04-06 00:00:00+05:30,72.9000015258789,74.30000305175781,71.80000305175781,72.8499984741211,64.58267211914062,38056228,0.0,0.0
2021-04-07 00:00:00+05:30,72.9000015258789,75.55000305175781,72.25,74.0999984741211,65.69081115722656,40294171,0.0,0.0
2021-04-08 00:00:00+05:30,74.4000015258789,75.5999984741211,73.25,73.5,65.15890502929688,38186842,0.0,0.0
2021-04-09 00:00:00+05:30,73.4000015258789,77.4000015258789,72.9000015258789,74.0,65.6021728515625,57888088,0.0,0.0
2021-04-12 00:00:00+05:30,72.0,72.0,63.25,66.0999984741211,58.598690032958984,77084143,0.0,0.0
2021-04-13 00:00:00+05:30,67.1500015258789,69.30000305175781,66.30000305175781,68.9000015258789,61.080936431884766,49363120,0.0,0.0
2021-04-15 00:00:00+05:30,67.75,69.4000015258789,66.30000305175781,68.30000305175781,60.54903030395508,51164588,0.0,0.0
2021-04-16 00:00:00+05:30,68.30000305175781,69.5,67.05000305175781,67.3499984741211,59.70683288574219,36225190,0.0,0.0
2021-04-19 00:00:00+05:30,65.0,65.0,62.5,63.79999923706055,56.5597038269043,49914615,0.0,0.0
2021-04-20 00:00:00+05:30,64.94999694824219,65.80000305175781,62.70000076293945,63.25,56.072120666503906,36714142,0.0,0.0
2021-04-22 00:00:00+05:30,62.04999923706055,64.19999694824219,61.75,63.04999923706055,55.89481735229492,45762152,0.0,0.0
2021-04-23 00:00:00+05:30,62.599998474121094,64.94999694824219,62.5,62.95000076293945,55.80616760253906,45619019,0.0,0.0
2021-04-26 00:00:00+05:30,63.5,64.44999694824219,63.20000076293945,63.54999923706055,56.338077545166016,34891753,0.0,0.0
2021-04-27 00:00:00+05:30,63.900001525878906,65.55000305175781,63.54999923706055,65.30000305175781,57.88948059082031,45483876,0.0,0.0
2021-04-28 00:00:00+05:30,66.0,68.1500015258789,65.75,67.75,60.06144332885742,47954929,0.0,0.0
2021-04-29 00:00:00+05:30,68.44999694824219,69.75,66.55000305175781,66.8499984741211,59.263580322265625,50981272,0.0,0.0
2021-04-30 00:00:00+05:30,65.4000015258789,68.4000015258789,65.05000305175781,66.75,59.1749267578125,51182287,0.0,0.0
2021-05-03 00:00:00+05:30,65.94999694824219,66.94999694824219,64.3499984741211,66.6500015258789,59.086273193359375,44344732,0.0,0.0
2021-05-04 00:00:00+05:30,67.19999694824219,72.94999694824219,67.05000305175781,70.4000015258789,62.410709381103516,117824041,0.0,0.0
2021-05-05 00:00:00+05:30,72.0999984741211,72.94999694824219,70.8499984741211,72.3499984741211,64.13941955566406,66540783,0.0,0.0
2021-05-06 00:00:00+05:30,73.0,73.0,70.0999984741211,70.6500015258789,62.63233947753906,38260232,0.0,0.0
2021-05-07 00:00:00+05:30,71.0999984741211,71.69999694824219,69.8499984741211,70.55000305175781,62.54368591308594,26413730,0.0,0.0
2021-05-10 00:00:00+05:30,71.3499984741211,74.4000015258789,70.69999694824219,73.44999694824219,65.11457824707031,50589470,0.0,0.0
2021-05-11 00:00:00+05:30,72.5,74.5999984741211,71.1500015258789,74.05000305175781,65.64649200439453,56166002,0.0,0.0
2021-05-12 00:00:00+05:30,74.05000305175781,79.94999694824219,73.9000015258789,77.4000015258789,68.61632537841797,128513179,0.0,0.0
2021-05-14 00:00:00+05:30,78.30000305175781,79.55000305175781,73.3499984741211,74.0,65.6021728515625,86863950,0.0,0.0
2021-05-17 00:00:00+05:30,74.80000305175781,77.75,73.80000305175781,77.0999984741211,68.3503646850586,73000338,0.0,0.0
2021-05-18 00:00:00+05:30,78.4000015258789,78.5999984741211,76.30000305175781,76.75,68.04008483886719,53617303,0.0,0.0
2021-05-19 00:00:00+05:30,76.5999984741211,78.25,76.1500015258789,76.69999694824219,67.99575805664062,54818016,0.0,0.0
2021-05-20 00:00:00+05:30,77.0,77.5999984741211,75.9000015258789,76.5,67.8184585571289,57767243,0.0,0.0
2021-05-21 00:00:00+05:30,77.5,81.1500015258789,77.0999984741211,80.80000305175781,71.63047790527344,136879510,0.0,0.0
2021-05-24 00:00:00+05:30,82.30000305175781,83.3499984741211,80.3499984741211,81.3499984741211,72.11805725097656,129796622,0.0,0.0
2021-05-25 00:00:00+05:30,82.0999984741211,82.44999694824219,80.44999694824219,80.8499984741211,71.67479705810547,55767882,0.0,0.0
2021-05-26 00:00:00+05:30,81.3499984741211,82.30000305175781,80.0,80.5999984741211,71.45316314697266,54711508,0.0,0.0
2021-05-27 00:00:00+05:30,80.9000015258789,84.19999694824219,79.80000305175781,83.55000305175781,74.06838989257812,106192011,0.0,0.0
2021-05-28 00:00:00+05:30,84.4000015258789,84.5999984741211,81.80000305175781,83.8499984741211,74.33434295654297,93311026,0.0,0.0
2021-05-31 00:00:00+05:30,83.0,83.5,79.0999984741211,80.69999694824219,71.54181671142578,129974240,0.0,0.0
2021-06-01 00:00:00+05:30,81.05000305175781,81.25,78.80000305175781,79.3499984741211,70.34501647949219,59105829,0.0,0.0
2021-06-02 00:00:00+05:30,79.1500015258789,81.8499984741211,78.5999984741211,81.19999694824219,71.98507690429688,51078156,0.0,0.0
2021-06-03 00:00:00+05:30,81.94999694824219,82.80000305175781,81.5,81.80000305175781,72.5169906616211,42158361,0.0,0.0
2021-06-04 00:00:00+05:30,82.0999984741211,82.8499984741211,81.1500015258789,81.8499984741211,72.56131744384766,38123227,0.0,0.0
2021-06-07 00:00:00+05:30,82.5999984741211,84.0999984741211,81.8499984741211,82.9000015258789,73.49215698242188,48213715,0.0,0.0
2021-06-08 00:00:00+05:30,83.0,83.1500015258789,80.19999694824219,81.80000305175781,72.5169906616211,44246218,0.0,0.0
2021-06-09 00:00:00+05:30,83.0,86.25,81.1500015258789,81.8499984741211,72.56131744384766,103136300,0.0,0.0
2021-06-10 00:00:00+05:30,82.5999984741211,85.30000305175781,81.8499984741211,84.75,75.13221740722656,59937914,0.0,0.0
2021-06-11 00:00:00+05:30,84.75,85.9000015258789,84.19999694824219,84.44999694824219,74.86624908447266,37977268,0.0,0.0
2021-06-14 00:00:00+05:30,84.0,85.8499984741211,81.0,84.94999694824219,75.30950927734375,78345224,0.0,0.0
2021-06-15 00:00:00+05:30,84.5,86.44999694824219,84.0999984741211,85.0999984741211,75.44248962402344,41494997,0.0,0.0
2021-06-16 00:00:00+05:30,85.0,87.0,84.0999984741211,84.4000015258789,74.82192993164062,54675510,0.0,0.0
2021-06-17 00:00:00+05:30,83.69999694824219,84.5999984741211,81.30000305175781,81.9000015258789,72.60564422607422,50972723,0.0,0.0
2021-06-18 00:00:00+05:30,82.6500015258789,82.9000015258789,77.05000305175781,80.19999694824219,71.09855651855469,67649503,0.0,0.0
2021-06-21 00:00:00+05:30,78.30000305175781,82.80000305175781,77.4000015258789,82.4000015258789,73.04890441894531,59884792,0.0,0.0
2021-06-22 00:00:00+05:30,83.19999694824219,84.19999694824219,81.44999694824219,81.8499984741211,72.56131744384766,43437619,0.0,0.0
2021-06-23 00:00:00+05:30,82.55000305175781,83.6500015258789,81.25,82.30000305175781,72.96025085449219,48368946,0.0,0.0
2021-06-24 00:00:00+05:30,82.44999694824219,82.9000015258789,80.55000305175781,80.8499984741211,71.67479705810547,28655724,0.0,0.0
2021-06-25 00:00:00+05:30,81.5999984741211,84.0,81.0,83.5,74.02405548095703,49628774,0.0,0.0
2021-06-28 00:00:00+05:30,84.25,88.4000015258789,84.19999694824219,87.80000305175781,77.83607482910156,129796104,0.0,0.0
2021-06-29 00:00:00+05:30,87.94999694824219,88.9000015258789,86.4000015258789,87.0999984741211,77.21551513671875,63682439,0.0,0.0
2021-06-30 00:00:00+05:30,87.25,88.05000305175781,85.55000305175781,85.9000015258789,76.15170288085938,37370434,0.0,0.0
2021-07-01 00:00:00+05:30,86.3499984741211,87.0,85.30000305175781,86.05000305175781,76.28468322753906,31593866,0.0,0.0
2021-07-02 00:00:00+05:30,86.0999984741211,86.44999694824219,84.75,85.19999694824219,75.53113555908203,34228365,0.0,0.0
2021-07-05 00:00:00+05:30,85.9000015258789,86.80000305175781,84.5999984741211,86.3499984741211,76.5506362915039,31309297,0.0,0.0
2021-07-06 00:00:00+05:30,86.5,87.19999694824219,85.19999694824219,85.5,75.79710388183594,38145342,0.0,0.0
2021-07-07 00:00:00+05:30,85.25,86.30000305175781,84.6500015258789,86.05000305175781,76.28468322753906,23304711,0.0,0.0
2021-07-08 00:00:00+05:30,86.0,87.0,82.80000305175781,83.5,74.02405548095703,45235131,0.0,0.0
2021-07-09 00:00:00+05:30,83.55000305175781,84.1500015258789,82.4000015258789,83.6500015258789,74.15703582763672,31246359,0.0,0.0
2021-07-12 00:00:00+05:30,84.4000015258789,84.6500015258789,83.0,83.30000305175781,73.84676361083984,24224250,0.0,0.0
2021-07-13 00:00:00+05:30,84.30000305175781,84.9000015258789,83.94999694824219,84.69999694824219,75.08788299560547,24138879,0.0,0.0
2021-07-14 00:00:00+05:30,84.5,85.1500015258789,84.05000305175781,84.25,74.68894958496094,34885927,0.0,0.0
2021-07-15 00:00:00+05:30,84.44999694824219,84.8499984741211,83.4000015258789,83.69999694824219,74.20136260986328,30304299,0.0,0.0
2021-07-16 00:00:00+05:30,84.0,84.0999984741211,81.4000015258789,81.69999694824219,72.42833709716797,48457529,0.0,0.0
2021-07-19 00:00:00+05:30,81.4000015258789,81.5999984741211,79.5999984741211,80.1500015258789,71.05423736572266,28260629,0.0,0.0
2021-07-20 00:00:00+05:30,80.0,80.5,78.4000015258789,78.9000015258789,69.94609832763672,27131176,0.0,0.0
2021-07-22 00:00:00+05:30,80.0,81.3499984741211,79.69999694824219,80.19999694824219,71.09855651855469,25556770,0.0,0.0
2021-07-23 00:00:00+05:30,80.0999984741211,80.5999984741211,79.0,79.8499984741211,70.78827667236328,23717707,0.0,0.0
2021-07-26 00:00:00+05:30,79.80000305175781,80.19999694824219,79.0,79.75,70.69963836669922,21809569,0.0,0.0
2021-07-27 00:00:00+05:30,79.9000015258789,81.0999984741211,79.25,80.0,70.92125701904297,25418706,0.0,0.0
2021-07-28 00:00:00+05:30,80.0,80.1500015258789,76.9000015258789,78.05000305175781,69.19256591796875,30360309,0.0,0.0
2021-07-29 00:00:00+05:30,78.44999694824219,81.1500015258789,77.5999984741211,80.5999984741211,71.45316314697266,33487296,0.0,0.0
2021-07-30 00:00:00+05:30,80.5999984741211,81.5,79.80000305175781,80.30000305175781,71.18721771240234,23749505,0.0,0.0
2021-08-02 00:00:00+05:30,80.94999694824219,81.75,80.30000305175781,80.75,71.58614349365234,17536889,0.0,0.0
2021-08-03 00:00:00+05:30,80.9000015258789,83.0,80.55000305175781,82.6500015258789,73.2705307006836,38355785,0.0,0.0
2021-08-04 00:00:00+05:30,83.1500015258789,83.9000015258789,80.8499984741211,83.5,74.02405548095703,65116528,0.0,0.0
2021-08-05 00:00:00+05:30,83.69999694824219,83.69999694824219,80.80000305175781,82.44999694824219,73.09322357177734,47819469,0.0,0.0
2021-08-06 00:00:00+05:30,82.3499984741211,84.5999984741211,82.1500015258789,83.4000015258789,73.93541717529297,48295324,0.0,0.0
2021-08-09 00:00:00+05:30,85.25,85.4000015258789,80.5999984741211,81.1500015258789,71.94075775146484,56479849,0.0,0.0
2021-08-10 00:00:00+05:30,82.0,83.05000305175781,77.55000305175781,78.0999984741211,69.23688507080078,49698860,0.0,0.0
2021-08-11 00:00:00+05:30,78.5,81.0999984741211,77.5,80.6500015258789,71.49749755859375,40957244,0.0,0.0
2021-08-12 00:00:00+05:30,80.75,82.0,80.0999984741211,81.55000305175781,72.29536437988281,26238192,0.0,0.0
2021-08-13 00:00:00+05:30,81.5,81.9000015258789,79.80000305175781,80.94999694824219,71.7634506225586,16845526,0.0,0.0
2021-08-16 00:00:00+05:30,80.8499984741211,81.75,79.1500015258789,79.5,70.47799682617188,19778854,0.0,0.0
2021-08-17 00:00:00+05:30,79.30000305175781,79.69999694824219,76.8499984741211,78.05000305175781,69.19256591796875,26249389,0.0,0.0
2021-08-18 00:00:00+05:30,78.30000305175781,79.5999984741211,77.5999984741211,78.75,69.81311798095703,29876996,0.0,0.0
2021-08-20 00:00:00+05:30,77.30000305175781,78.25,73.5999984741211,74.1500015258789,65.73513793945312,37053960,0.0,0.0
2021-08-23 00:00:00+05:30,75.30000305175781,75.4000015258789,72.5,73.19999694824219,64.89295196533203,31136268,0.0,0.0
2021-08-24 00:00:00+05:30,73.3499984741211,75.6500015258789,73.0,75.5,66.93193817138672,25626609,0.0,0.0
2021-08-25 00:00:00+05:30,75.9000015258789,76.5,74.9000015258789,75.0999984741211,66.57733154296875,22570604,0.0,0.0
2021-08-26 00:00:00+05:30,75.0999984741211,75.6500015258789,73.94999694824219,74.0999984741211,65.69081115722656,16730240,0.0,0.0
2021-08-27 00:00:00+05:30,74.0,75.1500015258789,73.25,74.55000305175781,66.08975219726562,18449906,0.0,0.0
2021-08-30 00:00:00+05:30,74.94999694824219,77.1500015258789,74.75,76.94999694824219,68.21737670898438,21909937,0.0,0.0
2021-08-31 00:00:00+05:30,76.80000305175781,78.44999694824219,76.0,77.3499984741211,68.5719985961914,26501208,0.0,0.0
2021-09-01 00:00:00+05:30,77.19999694824219,78.80000305175781,76.80000305175781,78.3499984741211,69.45851135253906,19437409,0.0,0.0
2021-09-02 00:00:00+05:30,78.69999694824219,78.94999694824219,77.80000305175781,78.4000015258789,69.50283813476562,23249453,0.0,0.0
2021-09-03 00:00:00+05:30,78.55000305175781,80.30000305175781,78.25,79.19999694824219,70.2120361328125,24039114,0.0,0.0
2021-09-06 00:00:00+05:30,79.5999984741211,80.19999694824219,78.69999694824219,78.9000015258789,69.94609832763672,14905577,0.0,0.0
2021-09-07 00:00:00+05:30,79.0,79.25,76.69999694824219,78.0999984741211,69.23688507080078,16964984,0.0,0.0
2021-09-08 00:00:00+05:30,78.0,80.5,77.6500015258789,79.3499984741211,70.34501647949219,28788968,0.0,0.0
2021-09-09 00:00:00+05:30,79.30000305175781,79.75,78.75,79.1500015258789,70.16771697998047,11453820,0.0,0.0
2021-09-13 00:00:00+05:30,78.75,79.0,78.0,78.25,69.36986541748047,10280673,0.0,0.0
2021-09-14 00:00:00+05:30,78.69999694824219,79.05000305175781,78.0999984741211,78.6500015258789,69.72445678710938,12162777,0.0,0.0
2021-09-15 00:00:00+05:30,78.6500015258789,81.8499984741211,78.44999694824219,81.30000305175781,72.07373809814453,38935049,0.0,0.0
2021-09-16 00:00:00+05:30,81.25,86.55000305175781,80.4000015258789,85.9000015258789,76.15170288085938,83100665,0.0,0.0
2021-09-17 00:00:00+05:30,86.55000305175781,86.6500015258789,81.25,82.30000305175781,72.96025085449219,63908701,0.0,0.0
2021-09-20 00:00:00+05:30,81.4000015258789,82.1500015258789,78.0,78.25,69.36986541748047,30466537,0.0,0.0
2021-09-21 00:00:00+05:30,78.5,79.0999984741211,76.9000015258789,78.6500015258789,69.72445678710938,24543270,0.0,0.0
2021-09-22 00:00:00+05:30,79.0999984741211,80.1500015258789,78.55000305175781,79.69999694824219,70.65530395507812,20402969,0.0,0.0
2021-09-23 00:00:00+05:30,80.19999694824219,81.0999984741211,79.44999694824219,79.6500015258789,70.6109848022461,20391244,0.0,0.0
2021-09-24 00:00:00+05:30,80.05000305175781,80.19999694824219,77.69999694824219,77.8499984741211,69.01525115966797,23102595,0.0,0.0
2021-09-27 00:00:00+05:30,78.1500015258789,79.5999984741211,77.80000305175781,78.0,69.14823150634766,25777269,0.0,0.0
2021-09-28 00:00:00+05:30,78.4000015258789,79.69999694824219,78.19999694824219,79.44999694824219,70.43367004394531,22838831,0.0,0.0
2021-09-29 00:00:00+05:30,78.94999694824219,82.0,78.1500015258789,81.69999694824219,72.42833709716797,53912004,0.0,0.0
2021-09-30 00:00:00+05:30,81.6500015258789,83.69999694824219,81.25,81.75,72.47266387939453,37128256,0.0,0.0
2021-10-01 00:00:00+05:30,81.44999694824219,83.5,80.0,82.44999694824219,73.09322357177734,39414564,0.0,0.0
2021-10-04 00:00:00+05:30,82.94999694824219,84.69999694824219,82.75,84.3499984741211,74.77759552001953,37506487,0.0,0.0
2021-10-05 00:00:00+05:30,83.94999694824219,84.9000015258789,82.6500015258789,83.3499984741211,73.89108276367188,27059658,0.0,0.0
2021-10-06 00:00:00+05:30,83.69999694824219,85.80000305175781,82.0,82.30000305175781,72.96025085449219,37820587,0.0,0.0
2021-10-07 00:00:00+05:30,83.4000015258789,84.8499984741211,83.0999984741211,84.0,74.46732330322266,25229829,0.0,0.0
2021-10-08 00:00:00+05:30,84.75,88.9000015258789,83.3499984741211,88.0999984741211,78.10203552246094,81657382,0.0,0.0
2021-10-11 00:00:00+05:30,89.69999694824219,90.19999694824219,87.0999984741211,87.5,77.57012939453125,73810234,0.0,0.0
2021-10-12 00:00:00+05:30,87.44999694824219,88.75,86.30000305175781,88.0999984741211,78.10203552246094,50251340,0.0,0.0
2021-10-13 00:00:00+05:30,88.94999694824219,89.1500015258789,87.55000305175781,87.8499984741211,77.88040161132812,37149033,0.0,0.0
2021-10-14 00:00:00+05:30,88.25,89.3499984741211,88.0999984741211,88.75,78.67826843261719,35030330,0.0,0.0
2021-10-18 00:00:00+05:30,90.5,93.5,89.25,93.05000305175781,82.49028778076172,109088221,0.0,0.0
2021-10-19 00:00:00+05:30,94.5,94.9000015258789,88.55000305175781,89.3499984741211,79.21017456054688,80356848,0.0,0.0
2021-10-20 00:00:00+05:30,89.0999984741211,93.0999984741211,86.9000015258789,92.19999694824219,81.73674774169922,76835176,0.0,0.0
2021-10-21 00:00:00+05:30,93.3499984741211,95.9000015258789,91.4000015258789,95.44999694824219,84.61792755126953,130557379,0.0,0.0
2021-10-22 00:00:00+05:30,96.19999694824219,97.4000015258789,93.80000305175781,94.55000305175781,83.820068359375,82861993,0.0,0.0
2021-10-25 00:00:00+05:30,95.5,100.19999694824219,94.0999984741211,96.5,85.54877471923828,142700372,0.0,0.0
2021-10-26 00:00:00+05:30,96.9000015258789,103.4000015258789,96.5,99.9000015258789,88.56293487548828,148211296,0.0,0.0
2021-10-27 00:00:00+05:30,100.9000015258789,103.75,98.9000015258789,102.5999984741211,90.95651245117188,70719485,0.0,0.0
2021-10-28 00:00:00+05:30,100.19999694824219,101.44999694824219,97.4000015258789,97.80000305175781,86.70124053955078,62486211,0.0,0.0
2021-10-29 00:00:00+05:30,96.9000015258789,101.1500015258789,93.0,97.5,86.43528747558594,76217130,0.0,0.0
2021-11-01 00:00:00+05:30,98.4000015258789,99.4000015258789,97.25,99.05000305175781,87.80939483642578,30772894,0.0,0.0
2021-11-02 00:00:00+05:30,98.94999694824219,102.80000305175781,98.80000305175781,102.30000305175781,90.69055938720703,61862153,0.0,0.0
2021-11-03 00:00:00+05:30,102.69999694824219,104.3499984741211,100.19999694824219,100.9000015258789,89.4494400024414,69238647,0.0,0.0
2021-11-04 00:00:00+05:30,102.3499984741211,103.25,102.0,102.5999984741211,90.95651245117188,10830881,0.0,0.0
2021-11-08 00:00:00+05:30,103.0,106.4000015258789,101.44999694824219,105.6500015258789,93.66038513183594,66190588,0.0,0.0
2021-11-09 00:00:00+05:30,106.19999694824219,107.19999694824219,104.69999694824219,106.3499984741211,94.28094482421875,53688615,0.0,0.0
2021-11-10 00:00:00+05:30,105.30000305175781,108.0,99.25,100.69999694824219,89.27214050292969,113046964,0.0,0.0
2021-11-11 00:00:00+05:30,102.30000305175781,103.0999984741211,100.25,101.30000305175781,89.80404663085938,52639047,0.0,0.0
2021-11-12 00:00:00+05:30,102.25,102.75,99.80000305175781,101.3499984741211,89.8483657836914,25655521,0.0,0.0
2021-11-15 00:00:00+05:30,102.0,102.44999694824219,98.0,98.9000015258789,87.67640686035156,25227908,0.0,0.0
2021-11-16 00:00:00+05:30,99.0,99.94999694824219,96.05000305175781,96.75,85.77039337158203,29306507,0.0,0.0
2021-11-17 00:00:00+05:30,96.0,98.8499984741211,95.5,97.55000305175781,86.4796142578125,36609592,0.0,0.0
2021-11-18 00:00:00+05:30,97.9000015258789,98.69999694824219,95.6500015258789,96.25,85.32714080810547,33211505,0.0,0.0
2021-11-22 00:00:00+05:30,96.5,96.9000015258789,89.44999694824219,90.8499984741211,80.53995513916016,48614287,0.0,0.0
2021-11-23 00:00:00+05:30,90.0,93.80000305175781,89.4000015258789,93.4000015258789,82.80057525634766,39536347,0.0,0.0
2021-11-24 00:00:00+05:30,93.75,95.25,92.80000305175781,93.3499984741211,82.7562484741211,30226185,0.0,0.0
2021-11-25 00:00:00+05:30,93.25,93.5999984741211,92.05000305175781,93.05000305175781,82.49028778076172,31171968,0.0,0.0
2021-11-26 00:00:00+05:30,92.0,92.0,88.0,88.8499984741211,78.76692199707031,51003702,0.0,0.0
2021-11-29 00:00:00+05:30,88.0999984741211,88.5999984741211,85.05000305175781,86.25,76.46198272705078,33701300,0.0,0.0
2021-11-30 00:00:00+05:30,86.44999694824219,88.75,85.19999694824219,85.75,76.01872253417969,30142735,0.0,0.0
2021-12-01 00:00:00+05:30,86.5999984741211,87.94999694824219,85.69999694824219,87.55000305175781,77.61445617675781,30727942,0.0,0.0
2021-12-02 00:00:00+05:30,87.0999984741211,88.4000015258789,86.44999694824219,88.0999984741211,78.10203552246094,21585217,0.0,0.0
2021-12-03 00:00:00+05:30,87.80000305175781,90.5999984741211,87.55000305175781,88.5999984741211,78.5452880859375,28211821,0.0,0.0
2021-12-06 00:00:00+05:30,89.19999694824219,89.94999694824219,86.75,87.05000305175781,77.17119598388672,24712723,0.0,0.0
2021-12-07 00:00:00+05:30,88.44999694824219,90.0,87.80000305175781,89.55000305175781,79.38748168945312,21988255,0.0,0.0
2021-12-08 00:00:00+05:30,90.25,92.30000305175781,89.8499984741211,92.0999984741211,81.64810180664062,29858717,0.0,0.0
2021-12-09 00:00:00+05:30,92.3499984741211,92.9000015258789,91.0,92.25,81.78107452392578,21178261,0.0,0.0
2021-12-10 00:00:00+05:30,92.19999694824219,94.69999694824219,91.1500015258789,94.19999694824219,83.5097885131836,33983368,0.0,0.0
2021-12-13 00:00:00+05:30,95.0,95.30000305175781,92.8499984741211,93.1500015258789,82.57894134521484,22565314,0.0,0.0
2021-12-14 00:00:00+05:30,92.30000305175781,93.05000305175781,91.0,92.3499984741211,81.8697280883789,16368468,0.0,0.0
2021-12-15 00:00:00+05:30,91.9000015258789,93.05000305175781,89.94999694824219,90.25,80.00804901123047,19024060,0.0,0.0
2021-12-16 00:00:00+05:30,91.0,91.69999694824219,88.0,88.6500015258789,78.58961486816406,18541507,0.0,0.0
2021-12-17 00:00:00+05:30,88.4000015258789,88.5999984741211,84.6500015258789,84.9000015258789,75.26518249511719,29601923,0.0,0.0
2021-12-20 00:00:00+05:30,83.69999694824219,83.75,79.0999984741211,80.1500015258789,71.05423736572266,34196245,0.0,0.0
2021-12-21 00:00:00+05:30,80.80000305175781,82.25,78.55000305175781,78.94999694824219,69.99041748046875,27610330,0.0,0.0
2021-12-22 00:00:00+05:30,79.5,81.8499984741211,78.69999694824219,79.8499984741211,70.78827667236328,39202046,0.0,0.0
2021-12-23 00:00:00+05:30,80.80000305175781,82.0,80.19999694824219,81.19999694824219,71.98507690429688,23073036,0.0,0.0
2021-12-24 00:00:00+05:30,81.4000015258789,81.6500015258789,78.8499984741211,79.44999694824219,70.43367004394531,23406108,0.0,0.0
2021-12-27 00:00:00+05:30,78.5,80.0999984741211,77.05000305175781,79.8499984741211,70.78827667236328,26525913,0.0,0.0
2021-12-28 00:00:00+05:30,81.0,81.19999694824219,80.0999984741211,80.9000015258789,71.71912384033203,20504216,0.0,0.0
2021-12-29 00:00:00+05:30,80.5,81.4000015258789,80.4000015258789,80.94999694824219,71.7634506225586,19184063,0.0,0.0
2021-12-30 00:00:00+05:30,80.55000305175781,80.5999984741211,79.5999984741211,80.1500015258789,71.05423736572266,20421280,0.0,0.0
2021-12-31 00:00:00+05:30,80.0999984741211,82.30000305175781,80.0999984741211,81.94999694824219,72.64996337890625,22468020,0.0,0.0
2022-01-03 00:00:00+05:30,81.5999984741211,84.0999984741211,81.5999984741211,83.80000305175781,74.2900161743164,21177306,0.0,0.0
2022-01-04 00:00:00+05:30,84.0999984741211,84.6500015258789,83.0999984741211,83.9000015258789,74.37867736816406,24456776,0.0,0.0
2022-01-05 00:00:00+05:30,83.80000305175781,85.8499984741211,83.44999694824219,84.9000015258789,75.26518249511719,33925654,0.0,0.0
2022-01-06 00:00:00+05:30,83.44999694824219,87.30000305175781,83.25,86.5999984741211,76.77226257324219,34206729,0.0,0.0
2022-01-07 00:00:00+05:30,87.0999984741211,88.55000305175781,86.5,87.5999984741211,77.65877532958984,39877581,0.0,0.0
2022-01-10 00:00:00+05:30,88.0999984741211,92.44999694824219,87.69999694824219,92.1500015258789,81.69242095947266,42535778,0.0,0.0
2022-01-11 00:00:00+05:30,92.19999694824219,92.94999694824219,91.30000305175781,92.19999694824219,81.73674774169922,27427262,0.0,0.0
2022-01-12 00:00:00+05:30,92.5999984741211,93.5,92.0999984741211,92.75,82.22433471679688,23947845,0.0,0.0
2022-01-13 00:00:00+05:30,92.5999984741211,94.6500015258789,92.19999694824219,93.9000015258789,83.24382781982422,25289041,0.0,0.0
2022-01-14 00:00:00+05:30,93.0999984741211,94.5999984741211,92.94999694824219,93.5999984741211,82.97786712646484,17230925,0.0,0.0
2022-01-17 00:00:00+05:30,93.1500015258789,94.69999694824219,93.1500015258789,93.75,83.11084747314453,14506863,0.0,0.0
2022-01-18 00:00:00+05:30,93.8499984741211,95.9000015258789,91.69999694824219,92.25,81.78107452392578,36750278,0.0,0.0
2022-01-19 00:00:00+05:30,92.25,96.3499984741211,91.5,95.8499984741211,84.9725341796875,35333475,0.0,0.0
2022-01-20 00:00:00+05:30,95.94999694824219,97.5,95.55000305175781,96.69999694824219,85.72606658935547,37096905,0.0,0.0
2022-01-21 00:00:00+05:30,95.5999984741211,95.69999694824219,91.55000305175781,92.69999694824219,82.18000793457031,39203300,0.0,0.0
2022-01-24 00:00:00+05:30,92.30000305175781,93.5999984741211,90.69999694824219,92.5999984741211,82.09135437011719,56181631,0.0,0.0
2022-01-25 00:00:00+05:30,92.0,99.69999694824219,91.55000305175781,98.5,87.32180786132812,65620823,0.0,0.0
2022-01-27 00:00:00+05:30,97.0,104.0,96.0999984741211,103.5,91.75438690185547,94518500,0.0,0.0
2022-01-28 00:00:00+05:30,104.44999694824219,106.5,102.75,103.30000305175781,91.57707977294922,56977661,0.0,0.0
2022-01-31 00:00:00+05:30,103.94999694824219,108.4000015258789,103.05000305175781,107.55000305175781,95.34477233886719,61044762,0.0,0.0
2022-02-01 00:00:00+05:30,108.5999984741211,109.30000305175781,102.4000015258789,106.1500015258789,94.10364532470703,86624214,0.0,0.0
2022-02-02 00:00:00+05:30,106.8499984741211,110.19999694824219,106.19999694824219,109.4000015258789,96.98483276367188,47769665,0.0,0.0
2022-02-03 00:00:00+05:30,109.0999984741211,111.9000015258789,108.5,109.55000305175781,97.11780548095703,54520992,0.0,0.0
2022-02-04 00:00:00+05:30,109.80000305175781,111.3499984741211,106.1500015258789,106.55000305175781,94.45825958251953,45581685,0.0,0.0
2022-02-07 00:00:00+05:30,108.80000305175781,117.19999694824219,108.25,112.94999694824219,100.1319580078125,177298544,0.0,0.0
2022-02-08 00:00:00+05:30,114.0,118.30000305175781,111.5,117.94999694824219,104.56453704833984,115380004,0.0,0.0
2022-02-09 00:00:00+05:30,118.5,118.80000305175781,114.5,114.8499984741211,101.81632995605469,61784484,0.0,0.0
2022-02-10 00:00:00+05:30,115.4000015258789,116.4000015258789,113.5999984741211,114.69999694824219,101.683349609375,40178477,0.0,0.0
2022-02-11 00:00:00+05:30,113.69999694824219,115.44999694824219,112.5,113.55000305175781,100.66387176513672,33757340,0.0,0.0
2022-02-14 00:00:00+05:30,109.0,110.4000015258789,105.25,106.0999984741211,94.05931854248047,50506830,0.0,0.0
2022-02-15 00:00:00+05:30,106.5999984741211,110.5,104.05000305175781,110.1500015258789,97.64971160888672,61851795,0.0,0.0
2022-02-16 00:00:00+05:30,111.05000305175781,111.25,106.6500015258789,107.0,94.85718536376953,45599684,0.0,0.0
2022-02-17 00:00:00+05:30,108.0999984741211,108.30000305175781,105.4000015258789,105.69999694824219,93.7047119140625,29911159,0.0,0.0
2022-02-18 00:00:00+05:30,105.30000305175781,107.69999694824219,105.0,105.3499984741211,93.3944320678711,31422298,0.0,0.0
2022-02-21 00:00:00+05:30,105.3499984741211,106.0999984741211,102.80000305175781,103.75,91.97600555419922,40170256,0.0,0.0
2022-02-22 00:00:00+05:30,101.19999694824219,105.80000305175781,99.05000305175781,104.8499984741211,92.951171875,51955994,0.0,0.0
2022-02-23 00:00:00+05:30,105.0,108.94999694824219,104.8499984741211,107.75,95.5220718383789,62092144,0.0,0.0
2022-02-24 00:00:00+05:30,102.80000305175781,105.5999984741211,100.0999984741211,100.5,89.09483337402344,70341673,0.0,0.0
2022-02-25 00:00:00+05:30,104.0,108.6500015258789,103.05000305175781,106.80000305175781,94.67988586425781,61465709,0.0,0.0
2022-02-28 00:00:00+05:30,104.5,108.0,104.0999984741211,106.55000305175781,94.45825958251953,41283452,0.0,0.0
2022-03-02 00:00:00+05:30,105.94999694824219,106.4000015258789,101.75,103.0999984741211,91.39976501464844,47475131,0.0,0.0
2022-03-03 00:00:00+05:30,104.5,105.30000305175781,102.1500015258789,102.5999984741211,90.95651245117188,41511333,0.0,0.0
2022-03-04 00:00:00+05:30,100.55000305175781,103.1500015258789,100.05000305175781,100.55000305175781,89.13916015625,47496069,0.0,0.0
2022-03-07 00:00:00+05:30,98.0999984741211,100.5,91.0,92.80000305175781,82.26866149902344,84678404,0.0,0.0
2022-03-08 00:00:00+05:30,93.69999694824219,98.55000305175781,92.19999694824219,97.44999694824219,86.39095306396484,72203819,0.0,0.0
2022-03-09 00:00:00+05:30,98.0,99.19999694824219,96.69999694824219,98.8499984741211,87.632080078125,51266334,0.0,0.0
2022-03-10 00:00:00+05:30,102.19999694824219,105.44999694824219,101.19999694824219,101.8499984741211,90.2916259765625,71291981,0.0,0.0
2022-03-11 00:00:00+05:30,101.80000305175781,104.69999694824219,100.94999694824219,104.4000015258789,92.55224609375,40767554,0.0,0.0
2022-03-14 00:00:00+05:30,104.94999694824219,107.5,103.55000305175781,106.9000015258789,94.7685317993164,45750608,0.0,0.0
2022-03-15 00:00:00+05:30,107.4000015258789,108.9000015258789,105.25,105.9000015258789,93.88201904296875,46827034,0.0,0.0
2022-03-16 00:00:00+05:30,107.5,108.69999694824219,106.94999694824219,107.69999694824219,95.47774505615234,27985666,0.0,0.0
2022-03-17 00:00:00+05:30,109.75,109.80000305175781,107.44999694824219,107.94999694824219,95.69937133789062,32425892,0.0,0.0
2022-03-21 00:00:00+05:30,107.9000015258789,108.3499984741211,105.75,106.5,94.41392517089844,24879006,0.0,0.0
2022-03-22 00:00:00+05:30,106.19999694824219,107.44999694824219,103.5,106.80000305175781,94.67988586425781,32477182,0.0,0.0
2022-03-23 00:00:00+05:30,107.25,109.1500015258789,105.9000015258789,106.25,94.19229888916016,27104882,0.0,0.0
2022-03-24 00:00:00+05:30,105.44999694824219,108.0,105.05000305175781,106.1500015258789,94.10364532470703,26545928,0.0,0.0
2022-03-25 00:00:00+05:30,106.75,109.0,106.30000305175781,108.5,96.18696594238281,40572355,0.0,0.0
2022-03-28 00:00:00+05:30,108.94999694824219,112.3499984741211,107.30000305175781,111.94999694824219,99.24543762207031,46409385,0.0,0.0
2022-03-29 00:00:00+05:30,112.5,113.0999984741211,110.69999694824219,111.55000305175781,98.89083099365234,32359109,0.0,0.0
2022-03-30 00:00:00+05:30,112.75,114.94999694824219,112.05000305175781,114.0,101.06279754638672,100828273,0.0,0.0
2022-03-31 00:00:00+05:30,112.9000015258789,113.4000015258789,111.05000305175781,111.5999984741211,98.9351577758789,28030563,0.0,0.0
2022-04-01 00:00:00+05:30,111.5999984741211,116.4000015258789,111.3499984741211,116.0,102.83582305908203,30941452,0.0,0.0
2022-04-04 00:00:00+05:30,116.19999694824219,117.0,115.19999694824219,116.0999984741211,102.92447662353516,29356607,0.0,0.0
2022-04-05 00:00:00+05:30,116.4000015258789,117.8499984741211,114.5,116.0,102.83582305908203,28093579,0.0,0.0
2022-04-06 00:00:00+05:30,115.6500015258789,120.94999694824219,115.1500015258789,119.9000015258789,106.2932357788086,36964790,0.0,0.0
2022-04-07 00:00:00+05:30,119.8499984741211,122.5999984741211,117.94999694824219,119.19999694824219,105.67267608642578,44284867,0.0,0.0
2022-04-08 00:00:00+05:30,119.80000305175781,120.8499984741211,117.94999694824219,120.30000305175781,106.64784240722656,27463874,0.0,0.0
2022-04-11 00:00:00+05:30,120.75,122.69999694824219,119.5999984741211,120.30000305175781,106.64784240722656,17762107,0.0,0.0
2022-04-12 00:00:00+05:30,119.9000015258789,120.9000015258789,117.0999984741211,120.1500015258789,106.5148696899414,23810157,0.0,0.0
2022-04-13 00:00:00+05:30,120.8499984741211,121.44999694824219,119.0999984741211,119.44999694824219,105.89430236816406,18304816,0.0,0.0
2022-04-18 00:00:00+05:30,118.69999694824219,118.69999694824219,113.25,113.9000015258789,100.9741439819336,41375448,0.0,0.0
2022-04-19 00:00:00+05:30,115.0,116.69999694824219,111.5999984741211,113.05000305175781,100.22061157226562,29839721,0.0,0.0
2022-04-20 00:00:00+05:30,113.75,114.5,111.4000015258789,112.5999984741211,99.82167053222656,21822195,0.0,0.0
2022-04-21 00:00:00+05:30,113.55000305175781,114.5,113.0,113.9000015258789,100.9741439819336,19921166,0.0,0.0
2022-04-22 00:00:00+05:30,112.94999694824219,113.94999694824219,111.19999694824219,111.44999694824219,98.80217742919922,17387240,0.0,0.0
2022-04-25 00:00:00+05:30,110.3499984741211,112.5,109.05000305175781,111.1500015258789,98.53622436523438,24586074,0.0,0.0
2022-04-26 00:00:00+05:30,112.9000015258789,115.9000015258789,112.55000305175781,115.5,102.39256286621094,28059744,0.0,0.0
2022-04-27 00:00:00+05:30,114.0,116.55000305175781,112.80000305175781,116.0999984741211,102.92447662353516,21756038,0.0,0.0
2022-04-28 00:00:00+05:30,116.75,116.80000305175781,114.75,115.69999694824219,102.56986999511719,20065882,0.0,0.0
2022-04-29 00:00:00+05:30,116.5999984741211,117.3499984741211,112.30000305175781,112.9000015258789,100.08763122558594,18089520,0.0,0.0
2022-05-02 00:00:00+05:30,111.4000015258789,113.25,110.8499984741211,112.75,99.95465087890625,14526547,0.0,0.0
2022-05-04 00:00:00+05:30,113.80000305175781,115.25,107.55000305175781,108.1500015258789,95.87667846679688,31618133,0.0,0.0
2022-05-05 00:00:00+05:30,109.69999694824219,110.5,105.4000015258789,105.8499984741211,93.83769226074219,26515557,0.0,0.0
2022-05-06 00:00:00+05:30,104.19999694824219,105.80000305175781,102.0,104.94999694824219,93.03983306884766,25132051,0.0,0.0
2022-05-09 00:00:00+05:30,103.94999694824219,104.8499984741211,101.5999984741211,103.25,91.53275299072266,19017700,0.0,0.0
2022-05-10 00:00:00+05:30,103.0,105.0999984741211,100.19999694824219,101.0,89.53809356689453,16040305,0.0,0.0
2022-05-11 00:00:00+05:30,102.0,102.30000305175781,97.19999694824219,101.25,89.75971984863281,26776508,0.0,0.0
2022-05-12 00:00:00+05:30,100.0,100.30000305175781,95.4000015258789,96.05000305175781,85.14984130859375,24799413,0.0,0.0
2022-05-13 00:00:00+05:30,98.0,99.30000305175781,94.0,95.0,84.218994140625,31856215,0.0,0.0
2022-05-16 00:00:00+05:30,96.0,100.44999694824219,94.5,99.8499984741211,88.51860046386719,38507596,0.0,0.0
2022-05-17 00:00:00+05:30,100.75,102.8499984741211,99.5,102.1500015258789,90.55758666992188,27647316,0.0,0.0
2022-05-18 00:00:00+05:30,102.1500015258789,102.69999694824219,99.0999984741211,99.44999694824219,88.16398620605469,20090443,0.0,0.0
2022-05-19 00:00:00+05:30,97.5,97.9000015258789,95.25,96.30000305175781,85.37147521972656,18567831,0.0,0.0
2022-05-20 00:00:00+05:30,98.19999694824219,99.94999694824219,98.0,99.44999694824219,88.16398620605469,17897990,0.0,0.0
2022-05-23 00:00:00+05:30,99.94999694824219,101.0,96.8499984741211,97.1500015258789,86.12500762939453,18586212,0.0,0.0
2022-05-24 00:00:00+05:30,97.25,98.3499984741211,95.25,95.80000305175781,84.92821502685547,20019543,0.0,0.0
2022-05-25 00:00:00+05:30,96.25,97.5999984741211,93.0,93.9000015258789,83.24382781982422,30311221,0.0,0.0
2022-05-26 00:00:00+05:30,94.9000015258789,99.0,92.55000305175781,98.3499984741211,87.18882751464844,36341295,0.0,0.0
2022-05-27 00:00:00+05:30,99.30000305175781,99.8499984741211,98.1500015258789,98.6500015258789,87.45477294921875,22370919,0.0,0.0
2022-05-30 00:00:00+05:30,99.80000305175781,102.0,99.6500015258789,101.55000305175781,90.02567291259766,25342786,0.0,0.0
2022-05-31 00:00:00+05:30,101.3499984741211,102.44999694824219,99.69999694824219,100.25,88.87320709228516,17234246,0.0,0.0
2022-06-01 00:00:00+05:30,101.0,102.5,100.0,101.8499984741211,90.2916259765625,20994336,0.0,0.0
2022-06-02 00:00:00+05:30,102.0,105.8499984741211,102.0,103.6500015258789,91.88735961914062,44232880,0.0,0.0
2022-06-03 00:00:00+05:30,104.69999694824219,105.0999984741211,102.0,102.1500015258789,90.55758666992188,16672450,0.0,0.0
2022-06-06 00:00:00+05:30,102.0,102.44999694824219,99.19999694824219,102.05000305175781,90.46893310546875,18544374,0.0,0.0
2022-06-07 00:00:00+05:30,101.4000015258789,103.25,100.9000015258789,101.9000015258789,90.33595275878906,17522351,0.0,0.0
2022-06-08 00:00:00+05:30,102.4000015258789,105.3499984741211,101.4000015258789,103.55000305175781,91.79871368408203,31448826,0.0,0.0
2022-06-09 00:00:00+05:30,103.19999694824219,105.3499984741211,102.44999694824219,105.05000305175781,93.12849426269531,25588925,0.0,0.0
2022-06-10 00:00:00+05:30,103.0,105.44999694824219,102.9000015258789,105.0999984741211,93.17281341552734,15753322,0.0,0.0
2022-06-13 00:00:00+05:30,102.19999694824219,102.94999694824219,98.5,99.94999694824219,88.60725402832031,22147285,0.0,0.0
2022-06-14 00:00:00+05:30,99.0999984741211,102.1500015258789,99.0999984741211,100.55000305175781,89.13916015625,18606407,0.0,0.0
2022-06-15 00:00:00+05:30,101.0,102.0999984741211,99.4000015258789,100.0999984741211,88.74022674560547,15884977,0.0,0.0
2022-06-16 00:00:00+05:30,101.5999984741211,102.1500015258789,97.05000305175781,97.5,86.43528747558594,24322328,0.0,0.0
2022-06-17 00:00:00+05:30,95.9000015258789,96.9000015258789,94.0999984741211,95.05000305175781,86.80056762695312,21919900,2.85,0.0
2022-06-20 00:00:00+05:30,95.5999984741211,96.0,89.8499984741211,91.1500015258789,83.23905944824219,21703028,0.0,0.0
2022-06-21 00:00:00+05:30,92.0999984741211,97.3499984741211,91.75,96.05000305175781,87.71378326416016,28648481,0.0,0.0
2022-06-22 00:00:00+05:30,95.5999984741211,96.5999984741211,94.19999694824219,95.44999694824219,87.16585540771484,19542639,0.0,0.0
2022-06-23 00:00:00+05:30,95.19999694824219,97.8499984741211,94.4000015258789,96.44999694824219,88.07906341552734,27634072,0.0,0.0
2022-06-24 00:00:00+05:30,97.30000305175781,100.3499984741211,96.8499984741211,99.94999694824219,91.27529907226562,38285373,0.0,0.0
2022-06-27 00:00:00+05:30,101.0999984741211,101.75,99.5999984741211,100.0,91.32096099853516,14457696,0.0,0.0
2022-06-28 00:00:00+05:30,99.44999694824219,101.80000305175781,99.44999694824219,101.55000305175781,92.7364273071289,16394684,0.0,0.0
2022-06-29 00:00:00+05:30,100.30000305175781,101.80000305175781,99.69999694824219,101.1500015258789,92.37114715576172,16413604,0.0,0.0
2022-06-30 00:00:00+05:30,100.94999694824219,102.30000305175781,97.05000305175781,97.4000015258789,88.94660949707031,24612161,0.0,0.0
2022-07-01 00:00:00+05:30,97.5999984741211,97.80000305175781,95.5999984741211,96.94999694824219,88.5356674194336,32287305,0.0,0.0
2022-07-04 00:00:00+05:30,97.0,99.94999694824219,96.94999694824219,98.44999694824219,89.90547943115234,23659060,0.0,0.0
2022-07-05 00:00:00+05:30,98.5999984741211,100.75,98.44999694824219,98.6500015258789,90.08811950683594,19396972,0.0,0.0
2022-07-06 00:00:00+05:30,99.05000305175781,100.69999694824219,98.69999694824219,99.44999694824219,90.81868743896484,24812084,0.0,0.0
2022-07-07 00:00:00+05:30,100.69999694824219,105.80000305175781,100.5,105.0,95.88700866699219,65399001,0.0,0.0
2022-07-08 00:00:00+05:30,105.8499984741211,106.30000305175781,103.94999694824219,105.5999984741211,96.43492889404297,19420027,0.0,0.0
2022-07-11 00:00:00+05:30,104.9000015258789,109.94999694824219,104.4000015258789,109.55000305175781,100.0421142578125,34213586,0.0,0.0
2022-07-12 00:00:00+05:30,108.80000305175781,110.5,108.0999984741211,109.25,99.76815032958984,29735635,0.0,0.0
2022-07-13 00:00:00+05:30,109.5,110.5,108.1500015258789,108.44999694824219,99.0375747680664,15508962,0.0,0.0
2022-07-14 00:00:00+05:30,108.0,108.0,103.69999694824219,105.19999694824219,96.06964111328125,33537636,0.0,0.0
2022-07-15 00:00:00+05:30,106.0,106.4000015258789,103.30000305175781,104.05000305175781,95.01946258544922,15017788,0.0,0.0
2022-07-18 00:00:00+05:30,105.0999984741211,108.30000305175781,104.25,108.0,98.62663269042969,22589938,0.0,0.0
2022-07-19 00:00:00+05:30,107.5999984741211,113.0,107.05000305175781,112.69999694824219,102.91871643066406,41577121,0.0,0.0
2022-07-20 00:00:00+05:30,113.69999694824219,114.4000015258789,111.25,112.05000305175781,102.32513427734375,25996979,0.0,0.0
2022-07-21 00:00:00+05:30,111.44999694824219,114.30000305175781,111.1500015258789,113.94999694824219,104.06022644042969,21547010,0.0,0.0
2022-07-22 00:00:00+05:30,114.80000305175781,116.44999694824219,113.6500015258789,116.0999984741211,106.02362823486328,32483787,0.0,0.0
2022-07-25 00:00:00+05:30,115.69999694824219,116.69999694824219,114.25,115.19999694824219,105.20174407958984,20171737,0.0,0.0
2022-07-26 00:00:00+05:30,116.0,116.9000015258789,114.5999984741211,116.5,106.388916015625,28833389,0.0,0.0
2022-07-27 00:00:00+05:30,116.75,118.75,116.0,118.25,107.98703002929688,18506988,0.0,0.0
2022-07-28 00:00:00+05:30,118.9000015258789,119.8499984741211,116.5,117.1500015258789,106.98250579833984,26055143,0.0,0.0
2022-07-29 00:00:00+05:30,118.44999694824219,119.75,115.5999984741211,116.25,106.16061401367188,25401430,0.0,0.0
2022-08-01 00:00:00+05:30,117.5,118.5,113.3499984741211,116.30000305175781,106.2062759399414,41880847,0.0,0.0
2022-08-02 00:00:00+05:30,116.30000305175781,123.55000305175781,115.94999694824219,121.75,111.18326568603516,70155980,0.0,0.0
2022-08-03 00:00:00+05:30,121.5,122.4000015258789,119.1500015258789,121.05000305175781,110.54402160644531,23838755,0.0,0.0
2022-08-04 00:00:00+05:30,121.44999694824219,122.30000305175781,116.0999984741211,118.5999984741211,108.30665588378906,32572271,0.0,0.0
2022-08-05 00:00:00+05:30,119.0999984741211,120.5,117.55000305175781,117.9000015258789,107.66741180419922,33906201,0.0,0.0
2022-08-08 00:00:00+05:30,117.9000015258789,119.69999694824219,116.5,118.25,107.98703002929688,14890797,0.0,0.0
2022-08-10 00:00:00+05:30,118.25,119.69999694824219,117.75,118.6500015258789,108.35232543945312,14205845,0.0,0.0
2022-08-11 00:00:00+05:30,119.75,124.3499984741211,119.5999984741211,123.19999694824219,112.50741577148438,35838299,0.0,0.0
2022-08-12 00:00:00+05:30,123.0,124.0999984741211,122.30000305175781,123.1500015258789,112.4617691040039,19478756,0.0,0.0
2022-08-16 00:00:00+05:30,124.0,125.25,121.05000305175781,121.55000305175781,111.00062561035156,23764633,0.0,0.0
2022-08-17 00:00:00+05:30,122.25,127.0,121.3499984741211,126.5999984741211,115.61233520507812,35845276,0.0,0.0
2022-08-18 00:00:00+05:30,125.6500015258789,127.0,123.05000305175781,123.9000015258789,113.14666748046875,26352284,0.0,0.0
2022-08-19 00:00:00+05:30,124.19999694824219,124.5,119.55000305175781,120.3499984741211,109.90476989746094,28211583,0.0,0.0
2022-08-22 00:00:00+05:30,120.0,120.0,117.6500015258789,118.25,107.98703002929688,20822630,0.0,0.0
2022-08-23 00:00:00+05:30,117.0,123.94999694824219,117.0,123.44999694824219,112.7357177734375,28448397,0.0,0.0
2022-08-24 00:00:00+05:30,123.0,124.5999984741211,121.05000305175781,123.55000305175781,112.82704162597656,29911175,0.0,0.0
2022-08-25 00:00:00+05:30,124.0999984741211,128.0,124.05000305175781,125.9000015258789,114.97309112548828,39474725,0.0,0.0
2022-08-26 00:00:00+05:30,126.5,129.5500030517578,126.30000305175781,128.3000030517578,117.16478729248047,28327799,0.0,0.0
2022-08-29 00:00:00+05:30,124.05000305175781,126.9000015258789,122.1500015258789,126.30000305175781,115.33837127685547,25846031,0.0,0.0
2022-08-30 00:00:00+05:30,127.3499984741211,131.3000030517578,127.3499984741211,130.85000610351562,119.49348449707031,27509622,0.0,0.0
2022-09-01 00:00:00+05:30,129.5500030517578,133.85000610351562,129.5500030517578,133.4499969482422,121.86781311035156,30532175,0.0,0.0
2022-09-02 00:00:00+05:30,134.64999389648438,134.6999969482422,130.75,131.14999389648438,119.76742553710938,18175077,0.0,0.0
2022-09-05 00:00:00+05:30,131.25,134.8000030517578,131.25,133.85000610351562,122.23310852050781,17447942,0.0,0.0
2022-09-06 00:00:00+05:30,134.5500030517578,135.5,132.10000610351562,133.4499969482422,121.86781311035156,21626208,0.0,0.0
2022-09-07 00:00:00+05:30,133.39999389648438,134.60000610351562,132.64999389648438,134.1999969482422,122.55271911621094,13349849,0.0,0.0
2022-09-08 00:00:00+05:30,135.35000610351562,139.85000610351562,135.0,138.35000610351562,126.3425521850586,36381561,0.0,0.0
2022-09-09 00:00:00+05:30,139.5,141.6999969482422,137.64999389648438,138.0500030517578,126.06858825683594,27775278,0.0,0.0
2022-09-12 00:00:00+05:30,139.0,139.89999389648438,138.39999389648438,138.85000610351562,126.7991714477539,12457738,0.0,0.0
2022-09-13 00:00:00+05:30,139.5,139.75,138.35000610351562,138.64999389648438,126.61650848388672,9812372,0.0,0.0
2022-09-14 00:00:00+05:30,136.0,141.85000610351562,135.5,140.4499969482422,128.26026916503906,20471796,0.0,0.0
2022-09-15 00:00:00+05:30,141.8000030517578,141.8000030517578,138.9499969482422,140.0500030517578,127.8949966430664,15780850,0.0,0.0
2022-09-16 00:00:00+05:30,139.5,141.0500030517578,134.6999969482422,137.25,125.33802032470703,23988729,0.0,0.0
2022-09-19 00:00:00+05:30,136.8000030517578,143.4499969482422,136.35000610351562,141.0500030517578,128.80821228027344,30261992,0.0,0.0
2022-09-20 00:00:00+05:30,142.89999389648438,143.3000030517578,141.3000030517578,141.60000610351562,129.31048583984375,13983845,0.0,0.0
2022-09-21 00:00:00+05:30,141.60000610351562,143.25,140.0,141.35000610351562,129.08218383789062,20073329,0.0,0.0
2022-09-22 00:00:00+05:30,140.8000030517578,141.6999969482422,135.75,138.4499969482422,126.4338607788086,34947454,0.0,0.0
2022-09-23 00:00:00+05:30,138.39999389648438,139.0,131.6999969482422,132.5,121.0002670288086,41820198,0.0,0.0
2022-09-26 00:00:00+05:30,130.0,130.4499969482422,124.5,128.14999389648438,117.02780151367188,37331411,0.0,0.0
2022-09-27 00:00:00+05:30,129.4499969482422,131.4499969482422,126.5,127.75,116.66252899169922,26721004,0.0,0.0
2022-09-28 00:00:00+05:30,126.44999694824219,128.25,124.0,126.44999694824219,115.47534942626953,24312345,0.0,0.0
2022-09-29 00:00:00+05:30,128.8000030517578,130.1999969482422,125.0,127.44999694824219,116.38856506347656,26109674,0.0,0.0
2022-09-30 00:00:00+05:30,127.5999984741211,133.64999389648438,126.3499984741211,132.39999389648438,120.90895080566406,32119561,0.0,0.0
2022-10-03 00:00:00+05:30,131.89999389648438,133.75,126.9000015258789,128.0500030517578,116.93648529052734,20511123,0.0,0.0
2022-10-04 00:00:00+05:30,131.25,134.1999969482422,130.5,133.8000030517578,122.18744659423828,20696678,0.0,0.0
2022-10-06 00:00:00+05:30,135.0,135.89999389648438,134.10000610351562,134.89999389648438,123.19196319580078,16669962,0.0,0.0
2022-10-07 00:00:00+05:30,134.25,135.8000030517578,130.5,135.3000030517578,123.55725860595703,23951985,0.0,0.0
2022-10-10 00:00:00+05:30,132.4499969482422,134.4499969482422,131.60000610351562,132.1999969482422,120.72630310058594,21143008,0.0,0.0
2022-10-11 00:00:00+05:30,132.64999389648438,133.14999389648438,129.10000610351562,129.60000610351562,118.35196685791016,14200008,0.0,0.0
2022-10-12 00:00:00+05:30,130.1999969482422,133.3000030517578,129.5,132.9499969482422,121.41120147705078,17414129,0.0,0.0
2022-10-13 00:00:00+05:30,132.0,132.8000030517578,129.1999969482422,130.0,118.71724700927734,14625936,0.0,0.0
2022-10-14 00:00:00+05:30,133.0,134.1999969482422,130.0,130.4499969482422,119.12818145751953,15403899,0.0,0.0
2022-10-17 00:00:00+05:30,130.5500030517578,136.75,129.60000610351562,136.14999389648438,124.33348846435547,29422436,0.0,0.0
2022-10-18 00:00:00+05:30,137.5,141.75,136.75,140.64999389648438,128.4429168701172,34071231,0.0,0.0
2022-10-19 00:00:00+05:30,140.6999969482422,141.0,137.1999969482422,137.8000030517578,125.84027862548828,20570748,0.0,0.0
2022-10-20 00:00:00+05:30,137.0,141.85000610351562,135.6999969482422,140.6999969482422,128.48858642578125,29793676,0.0,0.0
2022-10-21 00:00:00+05:30,141.0,144.89999389648438,140.60000610351562,143.5500030517578,131.0912322998047,33334153,0.0,0.0
2022-10-24 00:00:00+05:30,144.6999969482422,145.39999389648438,144.0500030517578,144.4499969482422,131.9131317138672,3680722,0.0,0.0
2022-10-25 00:00:00+05:30,144.3000030517578,151.60000610351562,142.5,148.35000610351562,135.47463989257812,42782169,0.0,0.0
2022-10-27 00:00:00+05:30,148.35000610351562,150.35000610351562,147.25,149.6999969482422,136.70745849609375,25452543,0.0,0.0
2022-10-28 00:00:00+05:30,150.0,151.1999969482422,146.14999389648438,147.0,134.24180603027344,22803412,0.0,0.0
2022-10-31 00:00:00+05:30,148.0,148.60000610351562,145.0,147.6999969482422,134.8810577392578,21373095,0.0,0.0
2022-11-01 00:00:00+05:30,148.39999389648438,151.8000030517578,146.60000610351562,147.6999969482422,134.8810577392578,24827995,0.0,0.0
2022-11-02 00:00:00+05:30,147.14999389648438,148.60000610351562,146.0500030517578,147.0500030517578,134.2874755859375,15335247,0.0,0.0
2022-11-03 00:00:00+05:30,145.8000030517578,149.89999389648438,145.5,148.14999389648438,135.2919921875,18083411,0.0,0.0
2022-11-04 00:00:00+05:30,148.89999389648438,149.64999389648438,143.60000610351562,144.5500030517578,132.0044403076172,23545798,0.0,0.0
2022-11-07 00:00:00+05:30,159.0,161.60000610351562,152.0,158.35000610351562,144.6067352294922,144518304,0.0,0.0
2022-11-09 00:00:00+05:30,159.60000610351562,167.0,157.25,166.3000030517578,151.8667449951172,69954072,0.0,0.0
2022-11-10 00:00:00+05:30,166.0,168.14999389648438,163.35000610351562,165.4499969482422,151.0905303955078,46061789,0.0,0.0
2022-11-11 00:00:00+05:30,167.9499969482422,168.8000030517578,161.39999389648438,161.75,147.71165466308594,31378106,0.0,0.0
2022-11-14 00:00:00+05:30,162.25,165.0,159.89999389648438,163.89999389648438,149.675048828125,23748826,0.0,0.0
2022-11-15 00:00:00+05:30,164.0,165.5,161.8000030517578,162.9499969482422,148.80751037597656,22971749,0.0,0.0
2022-11-16 00:00:00+05:30,164.25,165.10000610351562,162.14999389648438,163.3000030517578,149.12713623046875,24432791,0.0,0.0
2022-11-17 00:00:00+05:30,162.89999389648438,164.89999389648438,162.64999389648438,163.6999969482422,149.49241638183594,15703511,0.0,0.0
2022-11-18 00:00:00+05:30,164.10000610351562,165.6999969482422,161.6999969482422,163.10000610351562,148.94448852539062,22895310,0.0,0.0
2022-11-21 00:00:00+05:30,162.6999969482422,164.3000030517578,161.1999969482422,161.89999389648438,147.8486328125,20237825,0.0,0.0
2022-11-22 00:00:00+05:30,162.6999969482422,167.35000610351562,161.9499969482422,166.75,152.27769470214844,26399821,0.0,0.0
2022-11-23 00:00:00+05:30,167.85000610351562,170.35000610351562,166.3000030517578,168.85000610351562,154.19544982910156,35103723,0.0,0.0
2022-11-24 00:00:00+05:30,169.14999389648438,171.89999389648438,169.0,170.39999389648438,155.61090087890625,25279589,0.0,0.0
2022-11-25 00:00:00+05:30,170.9499969482422,172.6999969482422,166.8000030517578,167.85000610351562,153.2822265625,26429948,0.0,0.0
2022-11-28 00:00:00+05:30,168.4499969482422,168.85000610351562,166.25,167.85000610351562,153.2822265625,18058295,0.0,0.0
2022-11-29 00:00:00+05:30,168.14999389648438,169.5,167.10000610351562,167.8000030517578,153.236572265625,18315044,0.0,0.0
2022-11-30 00:00:00+05:30,168.4499969482422,168.6999969482422,164.4499969482422,166.25,151.82107543945312,17302122,0.0,0.0
2022-12-01 00:00:00+05:30,167.5,172.60000610351562,166.5,171.75,156.84375,32085764,0.0,0.0
2022-12-02 00:00:00+05:30,171.8000030517578,174.25,170.60000610351562,171.1999969482422,156.34149169921875,24459293,0.0,0.0
2022-12-05 00:00:00+05:30,172.3000030517578,172.39999389648438,170.3000030517578,171.9499969482422,157.02638244628906,17705726,0.0,0.0
2022-12-06 00:00:00+05:30,172.85000610351562,176.14999389648438,172.35000610351562,174.39999389648438,159.2637481689453,39901296,0.0,0.0
2022-12-07 00:00:00+05:30,174.85000610351562,176.89999389648438,173.35000610351562,176.5,161.18148803710938,25334920,0.0,0.0
2022-12-08 00:00:00+05:30,177.0,189.39999389648438,176.60000610351562,188.25,171.9116973876953,93033779,0.0,0.0
2022-12-09 00:00:00+05:30,189.0,197.1999969482422,184.85000610351562,188.60000610351562,172.2313232421875,99220254,0.0,0.0
2022-12-12 00:00:00+05:30,188.5,190.6999969482422,185.64999389648438,190.0500030517578,173.55548095703125,35305416,0.0,0.0
2022-12-13 00:00:00+05:30,191.10000610351562,194.6999969482422,190.0,193.0,176.24945068359375,32717387,0.0,0.0
2022-12-14 00:00:00+05:30,194.39999389648438,194.85000610351562,191.0,191.64999389648438,175.01661682128906,26004525,0.0,0.0
2022-12-15 00:00:00+05:30,191.5500030517578,193.1999969482422,183.8000030517578,184.5500030517578,168.53282165527344,41881637,0.0,0.0
2022-12-16 00:00:00+05:30,184.3000030517578,184.9499969482422,181.0,182.0,166.2041473388672,25933520,0.0,0.0
2022-12-19 00:00:00+05:30,182.64999389648438,184.14999389648438,180.85000610351562,182.4499969482422,166.61508178710938,21588072,0.0,0.0
2022-12-20 00:00:00+05:30,181.9499969482422,184.75,179.14999389648438,183.64999389648438,167.7109375,17522529,0.0,0.0
2022-12-21 00:00:00+05:30,184.64999389648438,186.6999969482422,175.5,177.5500030517578,162.14036560058594,28163349,0.0,0.0
2022-12-22 00:00:00+05:30,178.4499969482422,180.14999389648438,173.64999389648438,176.60000610351562,161.27281188964844,24089989,0.0,0.0
2022-12-23 00:00:00+05:30,174.0,175.64999389648438,168.10000610351562,169.0500030517578,154.37808227539062,29192377,0.0,0.0
2022-12-26 00:00:00+05:30,169.0500030517578,178.1999969482422,167.10000610351562,177.10000610351562,161.7294158935547,31320528,0.0,0.0
2022-12-27 00:00:00+05:30,178.39999389648438,178.5,174.89999389648438,177.60000610351562,162.18601989746094,20811376,0.0,0.0
2022-12-28 00:00:00+05:30,177.9499969482422,184.89999389648438,176.5,181.8000030517578,166.02149963378906,30796600,0.0,0.0
2022-12-29 00:00:00+05:30,181.5500030517578,188.0,179.1999969482422,185.35000610351562,169.26339721679688,28566813,0.0,0.0
2022-12-30 00:00:00+05:30,186.89999389648438,188.39999389648438,184.10000610351562,185.6999969482422,169.5830078125,27013708,0.0,0.0
2023-01-02 00:00:00+05:30,186.60000610351562,187.75,185.10000610351562,186.25,170.0852813720703,14679657,0.0,0.0
2023-01-03 00:00:00+05:30,186.5,189.89999389648438,186.3000030517578,187.5,171.22679138183594,19758561,0.0,0.0
2023-01-04 00:00:00+05:30,187.10000610351562,188.5,181.3000030517578,182.6999969482422,166.84339904785156,24902705,0.0,0.0
2023-01-05 00:00:00+05:30,183.60000610351562,185.5,181.5,184.0500030517578,168.0762176513672,21073286,0.0,0.0
2023-01-06 00:00:00+05:30,184.9499969482422,185.3000030517578,181.1999969482422,183.25,167.34567260742188,16229775,0.0,0.0
2023-01-09 00:00:00+05:30,184.3000030517578,187.6999969482422,182.39999389648438,185.14999389648438,169.0807342529297,15758981,0.0,0.0
2023-01-10 00:00:00+05:30,185.8000030517578,185.8000030517578,178.3000030517578,180.6999969482422,165.0169677734375,18392517,0.0,0.0
2023-01-11 00:00:00+05:30,181.0,182.3000030517578,177.14999389648438,181.25,165.5192413330078,17867902,0.0,0.0
2023-01-12 00:00:00+05:30,181.89999389648438,183.14999389648438,179.6999969482422,181.6999969482422,165.93017578125,14044249,0.0,0.0
2023-01-13 00:00:00+05:30,181.8000030517578,185.25,181.25,184.89999389648438,168.85243225097656,15651311,0.0,0.0
2023-01-16 00:00:00+05:30,185.5,188.0,184.60000610351562,185.8000030517578,169.67433166503906,18924642,0.0,0.0
2023-01-17 00:00:00+05:30,185.60000610351562,186.75,179.3000030517578,181.8000030517578,166.02149963378906,18380191,0.0,0.0
2023-01-18 00:00:00+05:30,182.10000610351562,182.35000610351562,177.35000610351562,178.25,162.77960205078125,21152950,0.0,0.0
2023-01-19 00:00:00+05:30,177.9499969482422,178.3000030517578,176.0,177.89999389648438,162.45997619628906,10865755,0.0,0.0
2023-01-20 00:00:00+05:30,178.4499969482422,181.8000030517578,177.8000030517578,179.35000610351562,163.7841339111328,20620881,0.0,0.0
2023-01-23 00:00:00+05:30,180.4499969482422,182.10000610351562,179.85000610351562,180.5500030517578,164.8800048828125,12719955,0.0,0.0
2023-01-24 00:00:00+05:30,181.0,182.10000610351562,177.5500030517578,177.9499969482422,162.50563049316406,15302459,0.0,0.0
2023-01-25 00:00:00+05:30,178.39999389648438,178.60000610351562,166.35000610351562,169.75,155.01731872558594,42652626,0.0,0.0
2023-01-27 00:00:00+05:30,170.60000610351562,170.60000610351562,156.10000610351562,157.25,143.60220336914062,46482837,0.0,0.0
2023-01-30 00:00:00+05:30,158.10000610351562,163.8000030517578,153.0,158.89999389648438,145.10899353027344,52599629,0.0,0.0
2023-01-31 00:00:00+05:30,160.5,168.89999389648438,159.39999389648438,167.85000610351562,153.2822265625,40527508,0.0,0.0
2023-02-01 00:00:00+05:30,169.5,169.89999389648438,151.10000610351562,154.60000610351562,141.1822052001953,70595394,0.0,0.0
2023-02-02 00:00:00+05:30,151.0,156.39999389648438,146.5,154.0500030517578,140.67994689941406,58831062,0.0,0.0
2023-02-03 00:00:00+05:30,157.0,164.35000610351562,151.75,163.60000610351562,149.40109252929688,72557245,0.0,0.0
2023-02-06 00:00:00+05:30,165.5,168.8000030517578,163.60000610351562,167.89999389648438,153.327880859375,39343917,0.0,0.0
2023-02-07 00:00:00+05:30,167.89999389648438,170.5,166.5500030517578,168.5500030517578,153.92147827148438,26650769,0.0,0.0
2023-02-08 00:00:00+05:30,168.5,169.4499969482422,166.0500030517578,168.0,153.41920471191406,21655466,0.0,0.0
2023-02-09 00:00:00+05:30,168.0,170.9499969482422,164.3000030517578,169.4499969482422,154.74334716796875,24268013,0.0,0.0
2023-02-10 00:00:00+05:30,169.8000030517578,173.85000610351562,168.60000610351562,169.3000030517578,154.60638427734375,34741224,0.0,0.0
2023-02-13 00:00:00+05:30,169.5,170.64999389648438,164.10000610351562,165.1999969482422,150.8622283935547,22382470,0.0,0.0
2023-02-14 00:00:00+05:30,166.0,169.39999389648438,163.6999969482422,168.8000030517578,154.1497802734375,20137499,0.0,0.0
2023-02-15 00:00:00+05:30,168.0,170.0,167.60000610351562,169.5500030517578,154.83468627929688,15662905,0.0,0.0
2023-02-16 00:00:00+05:30,170.39999389648438,171.35000610351562,169.0500030517578,170.10000610351562,155.33694458007812,16113489,0.0,0.0
2023-02-17 00:00:00+05:30,169.0,169.14999389648438,164.5500030517578,166.8000030517578,152.3233642578125,19597310,0.0,0.0
2023-02-20 00:00:00+05:30,167.0,168.39999389648438,163.3000030517578,164.25,149.9946746826172,17285378,0.0,0.0
2023-02-21 00:00:00+05:30,164.5,164.5,159.5,159.89999389648438,146.02220153808594,34585035,0.0,0.0
2023-02-22 00:00:00+05:30,158.6999969482422,159.35000610351562,155.60000610351562,157.10000610351562,143.46522521972656,22746525,0.0,0.0
2023-02-23 00:00:00+05:30,157.60000610351562,158.39999389648438,153.14999389648438,155.5,142.00408935546875,28791025,0.0,0.0
2023-02-24 00:00:00+05:30,156.5,157.6999969482422,153.64999389648438,154.60000610351562,141.1822052001953,22601120,0.0,0.0
2023-02-27 00:00:00+05:30,154.5,159.39999389648438,153.60000610351562,159.0,145.2003173828125,29046654,0.0,0.0
2023-02-28 00:00:00+05:30,160.25,161.25,157.1999969482422,159.0,145.2003173828125,179242251,0.0,0.0
2023-03-01 00:00:00+05:30,157.89999389648438,164.6999969482422,157.60000610351562,164.39999389648438,150.13165283203125,25974322,0.0,0.0
2023-03-02 00:00:00+05:30,164.4499969482422,166.35000610351562,162.8000030517578,164.64999389648438,150.35997009277344,16266106,0.0,0.0
2023-03-03 00:00:00+05:30,168.0,173.75,168.0,172.89999389648438,157.89393615722656,34946790,0.0,0.0
2023-03-06 00:00:00+05:30,173.5500030517578,176.39999389648438,172.4499969482422,173.10000610351562,158.0765838623047,23752197,0.0,0.0
2023-03-08 00:00:00+05:30,171.0,174.64999389648438,170.75,174.0,158.8984832763672,14441376,0.0,0.0
2023-03-09 00:00:00+05:30,174.60000610351562,175.0,170.9499969482422,171.5500030517578,156.66111755371094,11038443,0.0,0.0
2023-03-10 00:00:00+05:30,170.6999969482422,170.6999969482422,166.0500030517578,167.8000030517578,153.236572265625,18452431,0.0,0.0
2023-03-13 00:00:00+05:30,167.0,170.0,163.4499969482422,163.89999389648438,149.675048828125,18595906,0.0,0.0
2023-03-14 00:00:00+05:30,164.0,164.89999389648438,161.0,162.39999389648438,148.30523681640625,22898154,0.0,0.0
2023-03-15 00:00:00+05:30,164.39999389648438,164.9499969482422,158.39999389648438,159.1999969482422,145.38296508789062,19255062,0.0,0.0
2023-03-16 00:00:00+05:30,158.6999969482422,161.4499969482422,155.60000610351562,159.75,145.88522338867188,24291234,0.0,0.0
2023-03-17 00:00:00+05:30,162.0500030517578,162.64999389648438,158.14999389648438,160.0500030517578,146.15919494628906,26762767,0.0,0.0
2023-03-20 00:00:00+05:30,159.6999969482422,159.6999969482422,155.6999969482422,158.75,144.97201538085938,26144673,0.0,0.0
2023-03-21 00:00:00+05:30,159.5,163.39999389648438,159.3000030517578,163.0500030517578,148.89883422851562,25702421,0.0,0.0
2023-03-22 00:00:00+05:30,163.85000610351562,168.25,163.1999969482422,167.39999389648438,152.87127685546875,27468538,0.0,0.0
2023-03-23 00:00:00+05:30,166.1999969482422,167.10000610351562,162.25,162.6999969482422,148.57919311523438,20129946,0.0,0.0
2023-03-24 00:00:00+05:30,162.5,163.9499969482422,159.14999389648438,159.8000030517578,145.93087768554688,18610261,0.0,0.0
2023-03-27 00:00:00+05:30,159.5,162.39999389648438,158.5,161.25,147.2550506591797,50783785,0.0,0.0
2023-03-28 00:00:00+05:30,161.5,161.8000030517578,158.75,160.75,146.79843139648438,31049605,0.0,0.0
2023-03-29 00:00:00+05:30,160.3000030517578,165.0,160.0,164.4499969482422,150.1773223876953,38390279,0.0,0.0
2023-03-31 00:00:00+05:30,166.25,169.8000030517578,165.89999389648438,168.85000610351562,154.19544982910156,28240603,0.0,0.0
2023-04-03 00:00:00+05:30,169.10000610351562,170.25,168.10000610351562,169.1999969482422,154.5150604248047,16659059,0.0,0.0
2023-04-05 00:00:00+05:30,169.5,169.6999969482422,165.10000610351562,167.0,152.5059814453125,34861706,0.0,0.0
2023-04-06 00:00:00+05:30,167.10000610351562,169.25,165.39999389648438,166.89999389648438,152.4146728515625,27208238,0.0,0.0
2023-04-10 00:00:00+05:30,167.5,168.14999389648438,165.35000610351562,166.1999969482422,151.77542114257812,15331631,0.0,0.0
2023-04-11 00:00:00+05:30,173.0,173.89999389648438,170.1999969482422,170.85000610351562,156.02186584472656,25897114,0.0,0.0
2023-04-12 00:00:00+05:30,171.0,172.14999389648438,169.1999969482422,170.39999389648438,155.61090087890625,14553551,0.0,0.0
2023-04-13 00:00:00+05:30,170.0,171.89999389648438,168.5,171.39999389648438,156.52410888671875,20601286,0.0,0.0
2023-04-17 00:00:00+05:30,171.0,176.8000030517578,170.6999969482422,176.35000610351562,161.0445098876953,26681555,0.0,0.0
2023-04-18 00:00:00+05:30,177.25,178.8000030517578,175.75,177.89999389648438,162.45997619628906,22020172,0.0,0.0
2023-04-19 00:00:00+05:30,178.39999389648438,179.14999389648438,176.4499969482422,177.25,161.86639404296875,15390111,0.0,0.0
2023-04-20 00:00:00+05:30,177.10000610351562,178.8000030517578,176.39999389648438,177.75,162.322998046875,22349098,0.0,0.0
2023-04-21 00:00:00+05:30,177.35000610351562,178.14999389648438,174.60000610351562,176.4499969482422,161.1358184814453,9950240,0.0,0.0
2023-04-24 00:00:00+05:30,176.5,180.5500030517578,176.25,180.1999969482422,164.56036376953125,15791156,0.0,0.0
2023-04-25 00:00:00+05:30,180.5,184.9499969482422,180.1999969482422,184.10000610351562,168.12188720703125,27156717,0.0,0.0
2023-04-26 00:00:00+05:30,183.85000610351562,184.3000030517578,181.8000030517578,183.5500030517578,167.61961364746094,14202887,0.0,0.0
2023-04-27 00:00:00+05:30,183.5500030517578,186.0,183.25,185.75,169.62867736816406,18033465,0.0,0.0
2023-04-28 00:00:00+05:30,185.85000610351562,188.5,185.5,187.75,171.45510864257812,16456548,0.0,0.0
2023-05-02 00:00:00+05:30,189.0,189.35000610351562,187.1999969482422,188.10000610351562,171.7747344970703,12929639,0.0,0.0
2023-05-03 00:00:00+05:30,182.9499969482422,185.14999389648438,180.5500030517578,184.5500030517578,168.53282165527344,25426587,0.0,0.0
2023-05-04 00:00:00+05:30,184.60000610351562,186.14999389648438,184.0,185.1999969482422,169.12640380859375,19411660,0.0,0.0
2023-05-05 00:00:00+05:30,185.1999969482422,188.39999389648438,183.0,183.39999389648438,167.48263549804688,17390789,0.0,0.0
2023-05-08 00:00:00+05:30,184.10000610351562,185.25,178.8000030517578,183.0,167.1173553466797,22633379,0.0,0.0
2023-05-09 00:00:00+05:30,184.0,184.89999389648438,177.0500030517578,177.85000610351562,162.41432189941406,18841858,0.0,0.0
2023-05-10 00:00:00+05:30,176.0,179.0500030517578,172.8000030517578,178.4499969482422,162.96224975585938,26166068,0.0,0.0
2023-05-11 00:00:00+05:30,179.39999389648438,180.89999389648438,178.0,178.5,163.00790405273438,15838880,0.0,0.0
2023-05-12 00:00:00+05:30,178.5,180.5500030517578,177.6999969482422,178.75,163.2362060546875,16182905,0.0,0.0
2023-05-15 00:00:00+05:30,178.89999389648438,184.5,177.3000030517578,183.85000610351562,167.89358520507812,20342506,0.0,0.0
2023-05-16 00:00:00+05:30,185.39999389648438,188.5,183.89999389648438,186.5,170.31358337402344,47421816,0.0,0.0
2023-05-17 00:00:00+05:30,188.6999969482422,190.0,183.75,185.89999389648438,169.76564025878906,40572322,0.0,0.0
2023-05-18 00:00:00+05:30,187.4499969482422,187.60000610351562,179.8000030517578,180.35000610351562,164.69735717773438,31727394,0.0,0.0
2023-05-19 00:00:00+05:30,181.0,182.35000610351562,178.0,181.89999389648438,166.11282348632812,18643969,0.0,0.0
2023-05-22 00:00:00+05:30,182.0,182.25,179.3000030517578,181.0500030517578,165.3365936279297,13737270,0.0,0.0
2023-05-23 00:00:00+05:30,181.25,184.64999389648438,181.0500030517578,183.3000030517578,167.39132690429688,14267334,0.0,0.0
2023-05-24 00:00:00+05:30,182.4499969482422,185.10000610351562,182.0,182.64999389648438,166.7977294921875,12655399,0.0,0.0
2023-05-25 00:00:00+05:30,181.9499969482422,182.9499969482422,179.85000610351562,181.8000030517578,166.02149963378906,13210338,0.0,0.0
2023-05-26 00:00:00+05:30,182.0,184.6999969482422,181.4499969482422,183.5500030517578,167.61961364746094,15666509,0.0,0.0
2023-05-29 00:00:00+05:30,185.0,185.35000610351562,183.0500030517578,183.75,167.80226135253906,11239265,0.0,0.0
2023-05-30 00:00:00+05:30,183.0,184.60000610351562,182.6999969482422,183.64999389648438,167.7109375,8962430,0.0,0.0
2023-05-31 00:00:00+05:30,183.5500030517578,185.5500030517578,182.10000610351562,185.0,168.9437713623047,15821118,0.0,0.0
2023-06-01 00:00:00+05:30,185.0,187.14999389648438,184.10000610351562,184.85000610351562,168.80679321289062,11592705,0.0,0.0
2023-06-02 00:00:00+05:30,185.8000030517578,187.10000610351562,185.10000610351562,186.75,170.54188537597656,9643005,0.0,0.0
2023-06-05 00:00:00+05:30,187.3000030517578,187.8000030517578,185.4499969482422,185.64999389648438,169.537353515625,6213398,0.0,0.0
2023-06-06 00:00:00+05:30,185.60000610351562,186.14999389648438,184.39999389648438,185.3000030517578,169.21774291992188,8102412,0.0,0.0
2023-06-07 00:00:00+05:30,185.3000030517578,188.3000030517578,185.3000030517578,187.39999389648438,171.13546752929688,12778032,0.0,0.0
2023-06-08 00:00:00+05:30,187.4499969482422,189.14999389648438,186.10000610351562,187.4499969482422,171.18113708496094,13367812,0.0,0.0
2023-06-09 00:00:00+05:30,187.60000610351562,187.75,184.10000610351562,184.85000610351562,168.80679321289062,10197155,0.0,0.0
2023-06-12 00:00:00+05:30,184.89999389648438,187.39999389648438,184.6999969482422,187.0,170.7701873779297,7693347,0.0,0.0
2023-06-13 00:00:00+05:30,187.60000610351562,188.6999969482422,186.8000030517578,187.25,170.9984893798828,7274187,0.0,0.0
2023-06-14 00:00:00+05:30,188.3000030517578,188.39999389648438,186.39999389648438,187.4499969482422,171.18113708496094,12464768,0.0,0.0
2023-06-15 00:00:00+05:30,187.0,187.89999389648438,182.64999389648438,183.39999389648438,167.48263549804688,14951075,0.0,0.0
2023-06-16 00:00:00+05:30,183.75,188.5,183.5,188.10000610351562,171.7747344970703,15225297,0.0,0.0
2023-06-19 00:00:00+05:30,188.6999969482422,194.89999389648438,188.3000030517578,193.75,176.93434143066406,33267447,0.0,0.0
2023-06-20 00:00:00+05:30,195.0,196.8000030517578,193.5,194.9499969482422,178.03021240234375,28783695,0.0,0.0
2023-06-21 00:00:00+05:30,195.39999389648438,198.5,195.0,198.10000610351562,180.90682983398438,19593213,0.0,0.0
2023-06-22 00:00:00+05:30,198.39999389648438,198.5500030517578,192.25,193.3000030517578,176.52340698242188,19689242,0.0,0.0
2023-06-23 00:00:00+05:30,193.3000030517578,194.14999389648438,190.5500030517578,192.1999969482422,175.51889038085938,14090074,0.0,0.0
2023-06-26 00:00:00+05:30,191.9499969482422,192.5,188.89999389648438,190.75,174.19471740722656,13686846,0.0,0.0
2023-06-27 00:00:00+05:30,191.10000610351562,192.10000610351562,190.5500030517578,190.9499969482422,174.3773651123047,11963762,0.0,0.0
2023-06-28 00:00:00+05:30,191.3000030517578,191.9499969482422,189.1999969482422,190.0,173.5098114013672,19223838,0.0,0.0
2023-06-30 00:00:00+05:30,186.60000610351562,191.0,185.35000610351562,190.35000610351562,179.0113525390625,17037322,5.5,0.0
2023-07-03 00:00:00+05:30,191.60000610351562,199.75,190.0,199.10000610351562,187.24012756347656,27140339,0.0,0.0
2023-07-04 00:00:00+05:30,200.6999969482422,204.6999969482422,197.35000610351562,202.35000610351562,190.2965545654297,31824698,0.0,0.0
2023-07-05 00:00:00+05:30,202.60000610351562,205.89999389648438,201.8000030517578,205.1999969482422,192.9767608642578,20060420,0.0,0.0
2023-07-06 00:00:00+05:30,204.9499969482422,205.89999389648438,202.8000030517578,205.4499969482422,193.2118682861328,16656768,0.0,0.0
2023-07-07 00:00:00+05:30,204.5,210.5,202.39999389648438,209.0,196.5504150390625,27442860,0.0,0.0
2023-07-10 00:00:00+05:30,209.75,210.8000030517578,202.89999389648438,203.39999389648438,191.2839813232422,19991207,0.0,0.0
2023-07-11 00:00:00+05:30,204.0,206.75,203.1999969482422,204.85000610351562,192.64761352539062,12758317,0.0,0.0
2023-07-12 00:00:00+05:30,204.85000610351562,206.60000610351562,203.6999969482422,204.6999969482422,192.5065460205078,14552433,0.0,0.0
2023-07-13 00:00:00+05:30,205.0,206.4499969482422,195.25,197.0,185.2652130126953,31426517,0.0,0.0
2023-07-14 00:00:00+05:30,197.25,200.0500030517578,195.0500030517578,198.39999389648438,186.5818328857422,16740705,0.0,0.0
2023-07-17 00:00:00+05:30,198.5,202.0,196.64999389648438,201.5,189.49717712402344,20040400,0.0,0.0
2023-07-18 00:00:00+05:30,202.4499969482422,202.5500030517578,196.5,197.9499969482422,186.15863037109375,18873958,0.0,0.0
2023-07-19 00:00:00+05:30,197.89999389648438,200.6999969482422,196.5,200.0,188.08653259277344,15994698,0.0,0.0
2023-07-20 00:00:00+05:30,200.0,202.64999389648438,198.60000610351562,199.0500030517578,187.193115234375,26224512,0.0,0.0
2023-07-21 00:00:00+05:30,199.0500030517578,201.85000610351562,196.1999969482422,196.60000610351562,184.88905334472656,25136493,0.0,0.0
2023-07-24 00:00:00+05:30,197.89999389648438,201.64999389648438,197.0500030517578,198.35000610351562,186.53482055664062,20374723,0.0,0.0
2023-07-25 00:00:00+05:30,200.39999389648438,200.39999389648438,195.60000610351562,196.14999389648438,184.46585083007812,14054071,0.0,0.0
2023-07-26 00:00:00+05:30,197.35000610351562,198.5,195.64999389648438,197.75,185.97055053710938,15919450,0.0,0.0
2023-07-27 00:00:00+05:30,197.0,202.85000610351562,197.0,199.25,187.38119506835938,23760784,0.0,0.0
2023-07-28 00:00:00+05:30,198.6999969482422,201.8000030517578,197.5,201.10000610351562,189.12100219726562,14094619,0.0,0.0
2023-07-31 00:00:00+05:30,202.0,203.75,200.8000030517578,202.1999969482422,190.1554718017578,14250110,0.0,0.0
2023-08-01 00:00:00+05:30,202.8000030517578,202.89999389648438,199.85000610351562,201.10000610351562,189.12100219726562,11501548,0.0,0.0
2023-08-02 00:00:00+05:30,200.8000030517578,200.89999389648438,192.64999389648438,194.75,183.1492462158203,24788813,0.0,0.0
2023-08-03 00:00:00+05:30,195.0,195.39999389648438,191.10000610351562,193.3000030517578,181.78562927246094,21237820,0.0,0.0
2023-08-04 00:00:00+05:30,194.6999969482422,196.14999389648438,189.60000610351562,191.35000610351562,179.9517822265625,32781495,0.0,0.0
2023-08-07 00:00:00+05:30,189.0,193.9499969482422,187.6999969482422,189.39999389648438,178.11793518066406,36759947,0.0,0.0
2023-08-08 00:00:00+05:30,190.5,196.4499969482422,189.5500030517578,194.85000610351562,183.24330139160156,27985916,0.0,0.0
2023-08-09 00:00:00+05:30,195.0,195.5500030517578,192.35000610351562,194.0500030517578,182.49095153808594,18258446,0.0,0.0
2023-08-10 00:00:00+05:30,193.5,194.8000030517578,190.75,191.89999389648438,180.46900939941406,19638255,0.0,0.0
2023-08-11 00:00:00+05:30,193.0,194.5500030517578,191.5,192.64999389648438,181.17433166503906,16329445,0.0,0.0
2023-08-14 00:00:00+05:30,192.60000610351562,192.60000610351562,187.4499969482422,188.75,177.50665283203125,23911976,0.0,0.0
2023-08-16 00:00:00+05:30,188.0,188.5,185.75,186.75,175.6257781982422,18788329,0.0,0.0
2023-08-17 00:00:00+05:30,187.0,190.64999389648438,186.0,189.89999389648438,178.58815002441406,18843899,0.0,0.0
2023-08-18 00:00:00+05:30,189.6999969482422,192.64999389648438,189.0,191.6999969482422,180.2809295654297,15291405,0.0,0.0
2023-08-21 00:00:00+05:30,192.35000610351562,192.35000610351562,189.89999389648438,190.89999389648438,179.52857971191406,11518119,0.0,0.0
2023-08-22 00:00:00+05:30,191.35000610351562,191.8000030517578,189.85000610351562,190.25,178.9173126220703,10826294,0.0,0.0
2023-08-23 00:00:00+05:30,190.5,194.6999969482422,190.25,193.35000610351562,181.83265686035156,18722788,0.0,0.0
2023-08-24 00:00:00+05:30,194.6999969482422,194.9499969482422,190.75,191.85000610351562,180.4219970703125,15902958,0.0,0.0
2023-08-25 00:00:00+05:30,190.5,191.89999389648438,188.8000030517578,189.75,178.44708251953125,9756340,0.0,0.0
2023-08-28 00:00:00+05:30,190.25,190.9499969482422,189.5,190.14999389648438,178.82325744628906,8300624,0.0,0.0
2023-08-29 00:00:00+05:30,190.75,191.60000610351562,189.1999969482422,191.14999389648438,179.76368713378906,7538838,0.0,0.0
2023-08-30 00:00:00+05:30,191.5500030517578,192.39999389648438,191.25,191.64999389648438,180.23390197753906,8630672,0.0,0.0
2023-08-31 00:00:00+05:30,191.5,192.89999389648438,186.4499969482422,187.14999389648438,176.001953125,24500769,0.0,0.0
2023-09-01 00:00:00+05:30,187.14999389648438,191.8000030517578,186.3000030517578,190.60000610351562,179.2464599609375,15838571,0.0,0.0
2023-09-04 00:00:00+05:30,191.14999389648438,195.89999389648438,190.1999969482422,195.4499969482422,183.80755615234375,16612736,0.0,0.0
2023-09-05 00:00:00+05:30,195.6999969482422,198.39999389648438,194.5,195.8000030517578,184.13670349121094,14710293,0.0,0.0
2023-09-06 00:00:00+05:30,196.5,197.5500030517578,194.0,195.0,183.3843536376953,15607001,0.0,0.0
2023-09-07 00:00:00+05:30,195.0,196.75,194.5,196.25,184.55990600585938,10535198,0.0,0.0
2023-09-08 00:00:00+05:30,196.4499969482422,200.0,196.1999969482422,197.8000030517578,186.017578125,15379639,0.0,0.0
2023-09-11 00:00:00+05:30,198.6999969482422,204.6999969482422,198.25,202.8000030517578,190.7197265625,22766508,0.0,0.0
2023-09-12 00:00:00+05:30,204.39999389648438,204.39999389648438,197.85000610351562,199.9499969482422,188.0395050048828,21077042,0.0,0.0
2023-09-13 00:00:00+05:30,199.89999389648438,209.4499969482422,198.10000610351562,208.64999389648438,196.2212677001953,38949196,0.0,0.0
2023-09-14 00:00:00+05:30,210.1999969482422,213.1999969482422,209.5,211.89999389648438,199.2776641845703,29826455,0.0,0.0
2023-09-15 00:00:00+05:30,212.14999389648438,212.64999389648438,209.25,210.8000030517578,198.24319458007812,16238012,0.0,0.0
2023-09-18 00:00:00+05:30,209.89999389648438,219.64999389648438,209.75,217.35000610351562,204.4030303955078,36322604,0.0,0.0
2023-09-20 00:00:00+05:30,216.9499969482422,218.14999389648438,213.0,213.4499969482422,200.73533630371094,29729690,0.0,0.0
2023-09-21 00:00:00+05:30,212.85000610351562,217.5,206.4499969482422,207.14999389648438,194.81060791015625,22066890,0.0,0.0
2023-09-22 00:00:00+05:30,209.6999969482422,218.0,208.6999969482422,215.35000610351562,202.5221710205078,37302904,0.0,0.0
2023-09-25 00:00:00+05:30,216.3000030517578,219.4499969482422,214.0500030517578,217.39999389648438,204.45004272460938,22756990,0.0,0.0
2023-09-26 00:00:00+05:30,217.5,218.0,212.85000610351562,213.64999389648438,200.9234161376953,11773544,0.0,0.0
2023-09-27 00:00:00+05:30,214.0,216.25,211.6999969482422,214.85000610351562,202.05194091796875,14556599,0.0,0.0
2023-09-28 00:00:00+05:30,214.85000610351562,216.5,209.75,210.64999389648438,198.1021270751953,26793595,0.0,0.0
2023-09-29 00:00:00+05:30,212.25,215.3000030517578,212.0,213.9499969482422,201.20555114746094,9613748,0.0,0.0
2023-10-03 00:00:00+05:30,213.5,218.1999969482422,212.0,217.85000610351562,204.8732452392578,12939332,0.0,0.0
2023-10-04 00:00:00+05:30,216.9499969482422,217.3000030517578,210.89999389648438,212.39999389648438,199.7478790283203,21610557,0.0,0.0
2023-10-05 00:00:00+05:30,213.89999389648438,214.4499969482422,210.0,212.5500030517578,199.8889617919922,11700848,0.0,0.0
2023-10-06 00:00:00+05:30,214.0,216.0,212.39999389648438,215.3000030517578,202.4751434326172,14552427,0.0,0.0
2023-10-09 00:00:00+05:30,212.39999389648438,215.3000030517578,210.3000030517578,211.75,199.13661193847656,12102991,0.0,0.0
2023-10-10 00:00:00+05:30,212.14999389648438,214.5500030517578,211.89999389648438,214.3000030517578,201.5347137451172,12358739,0.0,0.0
2023-10-11 00:00:00+05:30,210.0,210.9499969482422,206.3000030517578,207.1999969482422,194.85763549804688,43037191,0.0,0.0
2023-10-12 00:00:00+05:30,208.0,209.4499969482422,207.4499969482422,207.75,195.3748779296875,14176014,0.0,0.0
2023-10-13 00:00:00+05:30,206.89999389648438,206.9499969482422,201.1999969482422,203.5,191.37803649902344,27835260,0.0,0.0
2023-10-16 00:00:00+05:30,201.4499969482422,206.5,201.4499969482422,205.8000030517578,193.54103088378906,15730299,0.0,0.0
2023-10-17 00:00:00+05:30,206.1999969482422,208.14999389648438,205.8000030517578,207.35000610351562,194.9987030029297,12501262,0.0,0.0
2023-10-18 00:00:00+05:30,207.0,208.64999389648438,203.0,203.64999389648438,191.5190887451172,20282190,0.0,0.0
2023-10-19 00:00:00+05:30,202.5,206.0,201.1999969482422,205.14999389648438,192.9297332763672,12922522,0.0,0.0
2023-10-20 00:00:00+05:30,204.1999969482422,205.60000610351562,201.1999969482422,202.3000030517578,190.24952697753906,17030658,0.0,0.0
2023-10-23 00:00:00+05:30,202.3000030517578,203.75,194.0,195.1999969482422,183.5724334716797,15784543,0.0,0.0
2023-10-25 00:00:00+05:30,195.89999389648438,198.25,193.6999969482422,194.8000030517578,183.19627380371094,14959554,0.0,0.0
2023-10-26 00:00:00+05:30,193.5500030517578,193.8000030517578,187.85000610351562,189.14999389648438,177.8828125,29658835,0.0,0.0
2023-10-27 00:00:00+05:30,190.5,197.5,190.5,196.85000610351562,185.12416076660156,14885363,0.0,0.0
2023-10-30 00:00:00+05:30,197.14999389648438,199.85000610351562,194.60000610351562,198.25,186.44076538085938,11946838,0.0,0.0
2023-10-31 00:00:00+05:30,199.5,199.75,195.64999389648438,196.1999969482422,184.51287841796875,9074535,0.0,0.0
2023-11-01 00:00:00+05:30,196.39999389648438,198.1999969482422,195.0500030517578,195.5,183.8545684814453,7915346,0.0,0.0
2023-11-02 00:00:00+05:30,197.0,200.60000610351562,196.8000030517578,199.89999389648438,187.9924774169922,14242502,0.0,0.0
2023-11-03 00:00:00+05:30,201.35000610351562,204.25,201.0,203.8000030517578,191.66017150878906,19177688,0.0,0.0
2023-11-06 00:00:00+05:30,200.0,201.6999969482422,194.75,195.60000610351562,183.94862365722656,37345564,0.0,0.0
2023-11-07 00:00:00+05:30,196.60000610351562,196.60000610351562,190.64999389648438,191.25,179.85772705078125,51310933,0.0,0.0
2023-11-08 00:00:00+05:30,193.25,194.0500030517578,191.5500030517578,192.5,181.0332794189453,22372624,0.0,0.0
2023-11-09 00:00:00+05:30,193.3000030517578,194.39999389648438,192.5500030517578,193.0,181.5034942626953,13121704,0.0,0.0
2023-11-10 00:00:00+05:30,192.5,195.25,191.75,194.85000610351562,183.24330139160156,10091704,0.0,0.0
2023-11-13 00:00:00+05:30,195.1999969482422,197.3000030517578,193.39999389648438,196.6999969482422,184.9830780029297,14626408,0.0,0.0
2023-11-15 00:00:00+05:30,198.8000030517578,199.35000610351562,197.25,197.6999969482422,185.92352294921875,18154099,0.0,0.0
2023-11-16 00:00:00+05:30,198.1999969482422,200.0,196.9499969482422,198.35000610351562,186.53482055664062,13256095,0.0,0.0
2023-11-17 00:00:00+05:30,195.0,198.0,193.75,196.8000030517578,185.07713317871094,16351676,0.0,0.0
2023-11-20 00:00:00+05:30,197.5,198.6999969482422,196.0,197.64999389648438,185.87649536132812,10307666,0.0,0.0
2023-11-21 00:00:00+05:30,198.0,198.64999389648438,194.64999389648438,195.75,184.08969116210938,8970682,0.0,0.0
2023-11-22 00:00:00+05:30,196.4499969482422,196.8000030517578,192.8000030517578,194.64999389648438,183.05519104003906,15231149,0.0,0.0
2023-11-23 00:00:00+05:30,195.10000610351562,196.60000610351562,193.9499969482422,194.35000610351562,182.77308654785156,5846991,0.0,0.0
2023-11-24 00:00:00+05:30,194.5,195.5,192.75,193.10000610351562,181.5975341796875,5469063,0.0,0.0
2023-11-28 00:00:00+05:30,193.0500030517578,198.60000610351562,192.75,196.5500030517578,184.842041015625,12382178,0.0,0.0
2023-11-29 00:00:00+05:30,197.25,198.35000610351562,196.5,197.39999389648438,185.64138793945312,7617440,0.0,0.0
2023-11-30 00:00:00+05:30,197.85000610351562,201.8000030517578,196.35000610351562,197.10000610351562,185.35926818847656,21558187,0.0,0.0
2023-12-01 00:00:00+05:30,198.5,203.85000610351562,198.35000610351562,201.85000610351562,189.82632446289062,21923402,0.0,0.0
2023-12-04 00:00:00+05:30,205.14999389648438,210.0,205.14999389648438,209.0500030517578,196.59744262695312,35929143,0.0,0.0
2023-12-05 00:00:00+05:30,209.5500030517578,214.6999969482422,209.10000610351562,210.85000610351562,198.29022216796875,24365491,0.0,0.0
2023-12-06 00:00:00+05:30,211.0,211.60000610351562,208.0,209.5500030517578,197.06765747070312,22088409,0.0,0.0
2023-12-07 00:00:00+05:30,208.5,213.25,208.0500030517578,211.14999389648438,198.5723419189453,14842658,0.0,0.0
2023-12-08 00:00:00+05:30,211.0,215.6999969482422,208.5,212.0,199.37171936035156,29505509,0.0,0.0
2023-12-11 00:00:00+05:30,213.0,217.25,212.89999389648438,215.1999969482422,202.38108825683594,16170438,0.0,0.0
2023-12-12 00:00:00+05:30,216.14999389648438,217.14999389648438,214.0500030517578,216.10000610351562,203.2274932861328,18271153,0.0,0.0
2023-12-13 00:00:00+05:30,216.60000610351562,222.64999389648438,214.64999389648438,221.0500030517578,207.88262939453125,34720253,0.0,0.0
2023-12-14 00:00:00+05:30,224.0,224.39999389648438,219.60000610351562,220.10000610351562,206.98922729492188,18247186,0.0,0.0
2023-12-15 00:00:00+05:30,221.89999389648438,226.39999389648438,218.64999389648438,224.6999969482422,211.31521606445312,23378701,0.0,0.0
2023-12-18 00:00:00+05:30,224.4499969482422,227.5500030517578,222.89999389648438,224.3000030517578,210.9390411376953,12657351,0.0,0.0
2023-12-19 00:00:00+05:30,225.1999969482422,228.5,221.5500030517578,226.10000610351562,212.63182067871094,17582770,0.0,0.0
2023-12-20 00:00:00+05:30,227.4499969482422,229.5,217.14999389648438,219.3000030517578,206.23687744140625,24608319,0.0,0.0
2023-12-21 00:00:00+05:30,217.0,225.89999389648438,215.10000610351562,224.85000610351562,211.45626831054688,16908481,0.0,0.0
2023-12-22 00:00:00+05:30,225.0,226.75,221.39999389648438,223.60000610351562,210.28073120117188,11469899,0.0,0.0
2023-12-26 00:00:00+05:30,222.89999389648438,226.64999389648438,222.89999389648438,225.35000610351562,211.92649841308594,9215256,0.0,0.0
2023-12-27 00:00:00+05:30,226.0,233.75,225.14999389648438,232.0,218.1803741455078,27861855,0.0,0.0
2023-12-28 00:00:00+05:30,234.0,235.9499969482422,231.5500030517578,232.9499969482422,219.07376098632812,35086844,0.0,0.0
2023-12-29 00:00:00+05:30,233.10000610351562,233.64999389648438,229.35000610351562,231.10000610351562,217.33396911621094,11051281,0.0,0.0
2024-01-01 00:00:00+05:30,232.4499969482422,236.75,231.10000610351562,233.75,219.8261260986328,13199707,0.0,0.0
2024-01-02 00:00:00+05:30,233.6999969482422,235.8000030517578,228.85000610351562,230.6999969482422,216.9578094482422,12803886,0.0,0.0
2024-01-03 00:00:00+05:30,230.39999389648438,235.4499969482422,227.25,232.85000610351562,218.97975158691406,21410875,0.0,0.0
2024-01-04 00:00:00+05:30,233.0500030517578,240.10000610351562,232.89999389648438,237.75,223.5878448486328,14698523,0.0,0.0
2024-01-05 00:00:00+05:30,239.0,239.39999389648438,230.89999389648438,234.64999389648438,220.67251586914062,14545656,0.0,0.0
2024-01-08 00:00:00+05:30,231.5,231.5,222.6999969482422,223.4499969482422,210.13966369628906,27673291,0.0,0.0
2024-01-09 00:00:00+05:30,227.0,227.35000610351562,222.6999969482422,223.1999969482422,209.90455627441406,13420799,0.0,0.0
2024-01-10 00:00:00+05:30,223.3000030517578,225.0,219.4499969482422,223.85000610351562,210.51583862304688,13503894,0.0,0.0
2024-01-11 00:00:00+05:30,225.0,227.39999389648438,224.0,226.0500030517578,212.5847930908203,11247115,0.0,0.0
2024-01-12 00:00:00+05:30,226.89999389648438,232.25,225.25,229.89999389648438,216.2054443359375,17600195,0.0,0.0
2024-01-15 00:00:00+05:30,230.6999969482422,233.25,228.64999389648438,231.10000610351562,217.33396911621094,12678381,0.0,0.0
2024-01-16 00:00:00+05:30,231.10000610351562,234.25,229.39999389648438,231.25,217.47503662109375,13977706,0.0,0.0
2024-01-17 00:00:00+05:30,229.0,233.1999969482422,224.5500030517578,225.5,212.0675506591797,34099113,0.0,0.0
2024-01-18 00:00:00+05:30,224.9499969482422,230.1999969482422,222.0,227.6999969482422,214.13650512695312,16224153,0.0,0.0
2024-01-19 00:00:00+05:30,229.5500030517578,231.5,228.5,230.64999389648438,216.91078186035156,9445978,0.0,0.0
2024-01-23 00:00:00+05:30,234.0,235.75,221.4499969482422,222.39999389648438,209.15220642089844,36926359,0.0,0.0
2024-01-24 00:00:00+05:30,223.0,229.0,219.64999389648438,228.64999389648438,215.02992248535156,36236660,0.0,0.0
2024-01-25 00:00:00+05:30,228.0,231.35000610351562,223.3000030517578,227.0500030517578,213.5252227783203,20473287,0.0,0.0
2024-01-29 00:00:00+05:30,227.64999389648438,235.75,227.64999389648438,234.25,220.2963409423828,20641625,0.0,0.0
2024-01-30 00:00:00+05:30,235.0,242.39999389648438,233.8000030517578,237.4499969482422,223.3057098388672,22612702,0.0,0.0
2024-01-31 00:00:00+05:30,238.89999389648438,250.0,232.0500030517578,247.60000610351562,232.8511199951172,63750711,0.0,0.0
2024-02-01 00:00:00+05:30,250.0,257.45001220703125,243.0,255.9499969482422,240.70372009277344,43749140,0.0,0.0
2024-02-02 00:00:00+05:30,259.29998779296875,261.0,254.5,255.25,240.04541015625,29946219,0.0,0.0
2024-02-05 00:00:00+05:30,257.6499938964844,262.5,255.75,257.45001220703125,242.1143798828125,21283536,0.0,0.0
2024-02-06 00:00:00+05:30,258.0,258.29998779296875,246.1999969482422,250.3000030517578,235.39028930664062,17506394,0.0,0.0
2024-02-07 00:00:00+05:30,252.89999389648438,252.89999389648438,242.64999389648438,244.64999389648438,230.07684326171875,55656306,0.0,0.0
2024-02-08 00:00:00+05:30,248.0,256.29998779296875,247.0500030517578,253.10000610351562,238.02349853515625,33645402,0.0,0.0
2024-02-09 00:00:00+05:30,253.35000610351562,266.5,247.5,263.5,247.80398559570312,46201039,0.0,0.0
2024-02-12 00:00:00+05:30,266.1000061035156,267.3999938964844,253.0500030517578,254.6999969482422,239.52818298339844,26620786,0.0,0.0
2024-02-13 00:00:00+05:30,254.6999969482422,260.5,249.1999969482422,259.6000061035156,244.1363067626953,18922366,0.0,0.0
2024-02-14 00:00:00+05:30,255.10000610351562,271.0,252.35000610351562,267.79998779296875,251.8478240966797,30063655,0.0,0.0
2024-02-15 00:00:00+05:30,269.8999938964844,277.0,269.04998779296875,275.70001220703125,259.27728271484375,32254489,0.0,0.0
2024-02-16 00:00:00+05:30,276.1000061035156,280.75,274.54998779296875,275.6499938964844,259.2302551269531,20666587,0.0,0.0
2024-02-19 00:00:00+05:30,275.6499938964844,277.0,269.75,270.70001220703125,254.57513427734375,14006706,0.0,0.0
2024-02-20 00:00:00+05:30,270.1000061035156,274.79998779296875,269.75,273.25,256.97320556640625,14006722,0.0,0.0
2024-02-21 00:00:00+05:30,273.5,279.5,273.0,275.1000061035156,258.7130126953125,19624058,0.0,0.0
2024-02-22 00:00:00+05:30,275.25,276.95001220703125,270.1499938964844,275.6000061035156,259.1832580566406,11871556,0.0,0.0
2024-02-23 00:00:00+05:30,276.0,280.1499938964844,265.29998779296875,268.8500061035156,252.83531188964844,23264484,0.0,0.0
2024-02-26 00:00:00+05:30,268.8500061035156,272.3999938964844,266.70001220703125,269.54998779296875,253.49359130859375,12448638,0.0,0.0
2024-02-27 00:00:00+05:30,269.54998779296875,273.1000061035156,267.3999938964844,270.3500061035156,254.2459716796875,15572873,0.0,0.0
2024-02-28 00:00:00+05:30,270.3500061035156,271.45001220703125,260.6499938964844,261.75,246.15823364257812,13653858,0.0,0.0
2024-02-29 00:00:00+05:30,261.3999938964844,267.6000061035156,258.3500061035156,265.45001220703125,249.63784790039062,16296464,0.0,0.0
2024-03-01 00:00:00+05:30,266.5,272.20001220703125,265.3999938964844,271.1499938964844,254.998291015625,9702235,0.0,0.0
2024-03-04 00:00:00+05:30,273.54998779296875,276.25,272.1000061035156,273.20001220703125,256.9261779785156,11707996,0.0,0.0
2024-03-05 00:00:00+05:30,272.95001220703125,278.6000061035156,272.25,278.1000061035156,261.5343017578125,14431461,0.0,0.0
2024-03-06 00:00:00+05:30,277.8500061035156,284.25,271.29998779296875,282.54998779296875,265.71923828125,32754392,0.0,0.0
2024-03-07 00:00:00+05:30,282.54998779296875,284.5,279.20001220703125,281.75,264.9668884277344,10994198,0.0,0.0
2024-03-11 00:00:00+05:30,283.8500061035156,285.6000061035156,276.5,277.3999938964844,260.8760070800781,18217736,0.0,0.0
2024-03-12 00:00:00+05:30,277.0,279.5,270.8500061035156,271.6000061035156,255.42149353027344,12003823,0.0,0.0
2024-03-13 00:00:00+05:30,272.0,273.45001220703125,258.3999938964844,260.8999938964844,245.35887145996094,20711328,0.0,0.0
2024-03-14 00:00:00+05:30,259.8999938964844,263.8500061035156,255.60000610351562,259.20001220703125,243.7601318359375,13623004,0.0,0.0
2024-03-15 00:00:00+05:30,258.5,261.5,250.14999389648438,254.0,238.86988830566406,17126874,0.0,0.0
2024-03-18 00:00:00+05:30,253.4499969482422,257.8999938964844,252.1999969482422,254.5,239.34010314941406,10806790,0.0,0.0
2024-03-19 00:00:00+05:30,253.8000030517578,255.8000030517578,248.5,249.10000610351562,234.2617645263672,11016984,0.0,0.0
2024-03-20 00:00:00+05:30,249.89999389648438,253.0,243.8000030517578,249.85000610351562,234.9670867919922,17342930,0.0,0.0
2024-03-21 00:00:00+05:30,253.5,257.29998779296875,253.0,255.6999969482422,240.46861267089844,10121220,0.0,0.0
2024-03-22 00:00:00+05:30,255.5,260.8999938964844,253.64999389648438,259.79998779296875,244.32437133789062,11402546,0.0,0.0
2024-03-26 00:00:00+05:30,259.0,263.75,259.0,261.54998779296875,245.9701385498047,8259347,0.0,0.0
2024-03-27 00:00:00+05:30,261.0,263.79998779296875,257.70001220703125,258.75,243.33694458007812,19196992,0.0,0.0
2024-03-28 00:00:00+05:30,258.75,266.3999938964844,258.75,264.04998779296875,248.3212127685547,11966752,0.0,0.0
2024-04-01 00:00:00+05:30,266.0,268.25,265.1000061035156,266.75,250.86041259765625,7378701,0.0,0.0
2024-04-02 00:00:00+05:30,267.0,272.1499938964844,266.3999938964844,271.29998779296875,255.1393585205078,10897757,0.0,0.0
2024-04-03 00:00:00+05:30,270.8999938964844,275.70001220703125,267.75,274.25,257.91363525390625,18329459,0.0,0.0
2024-04-04 00:00:00+05:30,276.25,276.70001220703125,268.3500061035156,269.45001220703125,253.39956665039062,14291037,0.0,0.0
2024-04-05 00:00:00+05:30,269.45001220703125,270.79998779296875,266.1499938964844,268.8999938964844,252.88233947753906,11296905,0.0,0.0
2024-04-08 00:00:00+05:30,272.0,272.45001220703125,267.0,267.6000061035156,251.65977478027344,15992006,0.0,0.0
2024-04-09 00:00:00+05:30,269.0,269.8999938964844,263.5,265.5,249.68484497070312,10451503,0.0,0.0
2024-04-10 00:00:00+05:30,265.5,272.3500061035156,265.3500061035156,270.79998779296875,254.66915893554688,15233408,0.0,0.0
2024-04-12 00:00:00+05:30,269.79998779296875,272.25,266.3999938964844,267.95001220703125,251.9889373779297,11496987,0.0,0.0
2024-04-15 00:00:00+05:30,265.1499938964844,266.5,260.0,261.3999938964844,245.82907104492188,11835728,0.0,0.0
2024-04-16 00:00:00+05:30,258.79998779296875,259.5,254.0,254.6999969482422,239.52818298339844,11074547,0.0,0.0
2024-04-18 00:00:00+05:30,255.25,263.3999938964844,255.25,259.0,243.57205200195312,13204672,0.0,0.0
2024-04-19 00:00:00+05:30,256.5,257.6000061035156,251.10000610351562,256.95001220703125,241.64418029785156,9169415,0.0,0.0
2024-04-22 00:00:00+05:30,258.8999938964844,262.0,257.79998779296875,261.29998779296875,245.73501586914062,9419094,0.0,0.0
2024-04-23 00:00:00+05:30,263.0,263.54998779296875,259.70001220703125,260.1499938964844,244.65353393554688,14502060,0.0,0.0
2024-04-24 00:00:00+05:30,261.25,261.8500061035156,258.45001220703125,259.1000061035156,243.6660919189453,8677169,0.0,0.0
2024-04-25 00:00:00+05:30,259.0,269.5,258.5,268.6499938964844,252.64723205566406,23475720,0.0,0.0
2024-04-26 00:00:00+05:30,270.0,272.70001220703125,267.3500061035156,268.04998779296875,252.0829620361328,14775940,0.0,0.0
2024-04-29 00:00:00+05:30,269.1000061035156,273.8999938964844,265.0,272.6000061035156,256.3619079589844,22257247,0.0,0.0
2024-04-30 00:00:00+05:30,273.3500061035156,284.79998779296875,272.6000061035156,281.5,264.7317810058594,39453521,0.0,0.0
2024-05-02 00:00:00+05:30,281.45001220703125,283.8999938964844,279.0,279.3999938964844,262.7568664550781,12366464,0.0,0.0
2024-05-03 00:00:00+05:30,282.25,282.5,274.25,275.75,259.3243103027344,19568548,0.0,0.0
2024-05-06 00:00:00+05:30,276.0,276.0,259.70001220703125,265.70001220703125,249.87295532226562,34253148,0.0,0.0
2024-05-07 00:00:00+05:30,266.6000061035156,268.3500061035156,257.79998779296875,259.04998779296875,243.6190643310547,17373412,0.0,0.0
2024-05-08 00:00:00+05:30,259.04998779296875,266.20001220703125,258.1000061035156,262.5,246.86355590820312,31407247,0.0,0.0
2024-05-09 00:00:00+05:30,270.0,271.70001220703125,259.95001220703125,262.6499938964844,247.00462341308594,33562988,0.0,0.0
2024-05-10 00:00:00+05:30,265.70001220703125,266.70001220703125,248.35000610351562,254.85000610351562,239.6692657470703,39476449,0.0,0.0
2024-05-13 00:00:00+05:30,260.29998779296875,261.79998779296875,251.5500030517578,259.04998779296875,243.6190643310547,31581807,0.0,0.0
2024-05-14 00:00:00+05:30,259.70001220703125,263.20001220703125,257.6000061035156,260.8500061035156,245.31185913085938,12196792,0.0,0.0
2024-05-15 00:00:00+05:30,261.25,267.70001220703125,260.75,263.8999938964844,248.18016052246094,19280956,0.0,0.0
2024-05-16 00:00:00+05:30,264.54998779296875,267.1000061035156,259.04998779296875,262.8999938964844,247.23973083496094,15531360,0.0,0.0
2024-05-17 00:00:00+05:30,262.54998779296875,264.6499938964844,259.8999938964844,261.3999938964844,245.82907104492188,13847808,0.0,0.0
2024-05-21 00:00:00+05:30,261.5,266.79998779296875,260.25,265.5,249.68484497070312,17185189,0.0,0.0
2024-05-22 00:00:00+05:30,267.0,267.95001220703125,262.5,263.3500061035156,247.66293334960938,16912682,0.0,0.0
2024-05-23 00:00:00+05:30,265.5,272.0,264.6000061035156,269.25,253.21148681640625,24738523,0.0,0.0
2024-05-24 00:00:00+05:30,268.95001220703125,272.20001220703125,267.75,268.95001220703125,252.9293670654297,16509527,0.0,0.0
2024-05-27 00:00:00+05:30,269.5,273.3999938964844,265.6499938964844,270.54998779296875,254.43402099609375,13764764,0.0,0.0
2024-05-28 00:00:00+05:30,271.0,271.79998779296875,262.6000061035156,264.29998779296875,248.55633544921875,12897363,0.0,0.0
2024-05-29 00:00:00+05:30,262.8999938964844,266.20001220703125,261.79998779296875,263.3999938964844,247.70994567871094,15041927,0.0,0.0
2024-05-30 00:00:00+05:30,261.75,267.3999938964844,261.1499938964844,262.8500061035156,247.19271850585938,9840965,0.0,0.0
2024-05-31 00:00:00+05:30,263.3999938964844,266.3500061035156,261.5,264.8999938964844,249.12059020996094,17253924,0.0,0.0
2024-06-03 00:00:00+05:30,277.0,299.70001220703125,277.0,296.95001220703125,279.261474609375,74818392,0.0,0.0
2024-06-04 00:00:00+05:30,292.0,292.0,237.60000610351562,248.25,233.46240234375,84878240,0.0,0.0
2024-06-05 00:00:00+05:30,257.0,262.8500061035156,236.4499969482422,260.0,244.51248168945312,70386788,0.0,0.0
2024-06-06 00:00:00+05:30,262.6000061035156,274.0,261.45001220703125,268.8999938964844,252.88233947753906,31690680,0.0,0.0
2024-06-07 00:00:00+05:30,268.3500061035156,272.0,266.75,270.79998779296875,254.66915893554688,19749116,0.0,0.0
2024-06-10 00:00:00+05:30,273.3999938964844,279.5,272.3500061035156,276.3999938964844,259.935546875,21735106,0.0,0.0
2024-06-11 00:00:00+05:30,276.5,279.29998779296875,274.0,274.79998779296875,258.4308776855469,13094039,0.0,0.0
2024-06-12 00:00:00+05:30,274.8999938964844,284.8999938964844,273.75,283.3999938964844,266.51861572265625,29504096,0.0,0.0
2024-06-13 00:00:00+05:30,285.0,285.20001220703125,281.25,282.70001220703125,265.8603210449219,14322702,0.0,0.0
2024-06-14 00:00:00+05:30,283.0,287.5,281.6000061035156,286.25,269.1988220214844,13911039,0.0,0.0
2024-06-18 00:00:00+05:30,286.25,288.45001220703125,285.1000061035156,287.29998779296875,270.186279296875,10174646,0.0,0.0
2024-06-19 00:00:00+05:30,287.0,290.5,282.6499938964844,283.95001220703125,267.0358581542969,33193685,0.0,0.0
2024-06-20 00:00:00+05:30,284.0,287.70001220703125,283.6499938964844,285.20001220703125,268.2113952636719,13675594,0.0,0.0
2024-06-21 00:00:00+05:30,285.20001220703125,286.79998779296875,278.6000061035156,279.3500061035156,262.7098693847656,15165917,0.0,0.0
2024-06-24 00:00:00+05:30,279.5,282.1000061035156,273.5,280.6000061035156,263.8853759765625,17778427,0.0,0.0
2024-06-25 00:00:00+05:30,281.0,283.45001220703125,279.0,280.6499938964844,263.9324035644531,13386910,0.0,0.0
2024-06-26 00:00:00+05:30,282.0,283.6000061035156,279.20001220703125,280.95001220703125,264.21453857421875,16075754,0.0,0.0
2024-06-27 00:00:00+05:30,280.0,282.8999938964844,277.0,279.8500061035156,263.1800842285156,14743494,0.0,0.0
2024-06-28 00:00:00+05:30,273.0,280.79998779296875,272.8999938964844,275.3999938964844,266.2251281738281,15270017,7.6,0.0
2024-07-01 00:00:00+05:30,275.25,276.29998779296875,271.75,272.1499938964844,263.0834045410156,12001891,0.0,0.0
2024-07-02 00:00:00+05:30,273.0,273.5,264.20001220703125,265.0,256.1716003417969,13960959,0.0,0.0
2024-07-03 00:00:00+05:30,267.29998779296875,269.75,263.04998779296875,267.8500061035156,258.9266662597656,18643235,0.0,0.0
2024-07-04 00:00:00+05:30,268.04998779296875,271.45001220703125,265.5,270.1499938964844,261.1500244140625,12965149,0.0,0.0
2024-07-05 00:00:00+05:30,270.0,274.3999938964844,268.95001220703125,273.79998779296875,264.6784362792969,15355368,0.0,0.0
2024-07-08 00:00:00+05:30,268.0,268.0,261.54998779296875,262.3500061035156,253.60989379882812,22806599,0.0,0.0
2024-07-09 00:00:00+05:30,264.29998779296875,264.70001220703125,261.1000061035156,261.70001220703125,252.98155212402344,13578992,0.0,0.0
2024-07-10 00:00:00+05:30,263.5,263.5,254.5500030517578,256.54998779296875,248.0030975341797,18117284,0.0,0.0
2024-07-11 00:00:00+05:30,258.70001220703125,259.04998779296875,255.5500030517578,256.70001220703125,248.14813232421875,9469388,0.0,0.0
2024-07-12 00:00:00+05:30,257.1000061035156,259.1000061035156,250.0500030517578,250.60000610351562,242.2513427734375,19538619,0.0,0.0
2024-07-15 00:00:00+05:30,252.60000610351562,259.29998779296875,250.64999389648438,258.54998779296875,249.9364776611328,29164529,0.0,0.0
2024-07-16 00:00:00+05:30,259.79998779296875,260.8999938964844,256.95001220703125,258.20001220703125,249.59815979003906,18989023,0.0,0.0
2024-07-18 00:00:00+05:30,258.20001220703125,258.8500061035156,254.8000030517578,255.4499969482422,246.93975830078125,18903883,0.0,0.0
2024-07-19 00:00:00+05:30,256.0,257.25,248.75,250.60000610351562,242.2513427734375,13018805,0.0,0.0
2024-07-22 00:00:00+05:30,249.6999969482422,256.20001220703125,246.75,253.0,244.57138061523438,14680632,0.0,0.0
2024-07-23 00:00:00+05:30,255.10000610351562,255.10000610351562,243.85000610351562,251.10000610351562,242.73468017578125,9028466,0.0,0.0
2024-07-24 00:00:00+05:30,252.0,252.89999389648438,246.0500030517578,248.9499969482422,240.6562957763672,21869220,0.0,0.0
2024-07-25 00:00:00+05:30,248.25,249.10000610351562,244.85000610351562,245.35000610351562,237.17623901367188,16680821,0.0,0.0
2024-07-26 00:00:00+05:30,246.0,250.6999969482422,244.0500030517578,249.6999969482422,241.38131713867188,16144925,0.0,0.0
2024-07-29 00:00:00+05:30,254.0,260.75,251.3000030517578,255.89999389648438,247.374755859375,32691314,0.0,0.0
2024-07-30 00:00:00+05:30,256.54998779296875,257.95001220703125,254.89999389648438,256.25,247.71310424804688,11358547,0.0,0.0
2024-07-31 00:00:00+05:30,257.3999938964844,257.3999938964844,251.5,253.64999389648438,245.19972229003906,17796739,0.0,0.0
2024-08-01 00:00:00+05:30,258.1000061035156,258.45001220703125,250.25,251.25,242.8796844482422,33759802,0.0,0.0
2024-08-02 00:00:00+05:30,250.0,250.0,242.5500030517578,243.6999969482422,235.58120727539062,26445597,0.0,0.0
2024-08-05 00:00:00+05:30,238.35000610351562,241.6999969482422,231.25,239.9499969482422,231.9561309814453,33533629,0.0,0.0
2024-08-06 00:00:00+05:30,241.5500030517578,246.35000610351562,238.6999969482422,239.5,231.52113342285156,22617452,0.0,0.0
2024-08-07 00:00:00+05:30,243.0,244.4499969482422,239.0,243.39999389648438,235.29119873046875,15128074,0.0,0.0
2024-08-08 00:00:00+05:30,243.5,244.75,240.5,241.35000610351562,233.30950927734375,10738946,0.0,0.0
2024-08-09 00:00:00+05:30,243.1999969482422,250.1999969482422,242.10000610351562,245.85000610351562,237.6595916748047,18588035,0.0,0.0
2024-08-12 00:00:00+05:30,244.0,246.9499969482422,242.5,244.85000610351562,236.69290161132812,11628884,0.0,0.0
2024-08-13 00:00:00+05:30,245.0500030517578,246.5500030517578,241.0,241.75,233.6961669921875,10527254,0.0,0.0
2024-08-14 00:00:00+05:30,241.89999389648438,243.39999389648438,238.75,239.4499969482422,231.47279357910156,13196198,0.0,0.0
2024-08-16 00:00:00+05:30,241.5,243.75,240.5,243.4499969482422,235.33953857421875,8039046,0.0,0.0
2024-08-19 00:00:00+05:30,243.89999389648438,249.4499969482422,243.89999389648438,247.35000610351562,239.109619140625,10533731,0.0,0.0
2024-08-20 00:00:00+05:30,247.35000610351562,255.0500030517578,246.9499969482422,254.35000610351562,245.87640380859375,25268902,0.0,0.0
2024-08-21 00:00:00+05:30,254.85000610351562,255.39999389648438,251.0500030517578,253.39999389648438,244.9580535888672,14318532,0.0,0.0
2024-08-22 00:00:00+05:30,254.35000610351562,256.79998779296875,253.5,254.10000610351562,245.63473510742188,11102262,0.0,0.0
2024-08-23 00:00:00+05:30,254.10000610351562,255.10000610351562,251.8000030517578,252.5,244.08804321289062,6941785,0.0,0.0
2024-08-26 00:00:00+05:30,253.25,253.6999969482422,251.0,251.39999389648438,243.02467346191406,12148085,0.0,0.0
2024-08-27 00:00:00+05:30,251.60000610351562,252.5,250.10000610351562,251.1999969482422,242.8313446044922,7571973,0.0,0.0
2024-08-28 00:00:00+05:30,251.1999969482422,251.64999389648438,248.0500030517578,249.85000610351562,241.5263214111328,16568081,0.0,0.0
2024-08-29 00:00:00+05:30,249.85000610351562,250.6999969482422,247.64999389648438,249.8000030517578,241.47799682617188,9988780,0.0,0.0
2024-08-30 00:00:00+05:30,250.4499969482422,253.85000610351562,249.64999389648438,250.10000610351562,241.76800537109375,12909590,0.0,0.0
2024-09-02 00:00:00+05:30,251.0,255.9499969482422,248.10000610351562,253.89999389648438,245.44139099121094,17493446,0.0,0.0
2024-09-03 00:00:00+05:30,253.6999969482422,254.64999389648438,250.35000610351562,250.6999969482422,242.34800720214844,9389384,0.0,0.0
2024-09-04 00:00:00+05:30,247.9499969482422,249.4499969482422,242.35000610351562,243.5,235.3878631591797,17943213,0.0,0.0
2024-09-05 00:00:00+05:30,245.0,245.10000610351562,240.85000610351562,243.85000610351562,235.72621154785156,14160225,0.0,0.0
2024-09-06 00:00:00+05:30,243.5,244.1999969482422,235.0500030517578,235.85000610351562,227.99273681640625,21276104,0.0,0.0
2024-09-09 00:00:00+05:30,235.85000610351562,237.1999969482422,231.5,235.5500030517578,227.70272827148438,15982999,0.0,0.0
2024-09-10 00:00:00+05:30,237.3000030517578,237.4499969482422,235.0,235.6999969482422,227.84771728515625,10135668,0.0,0.0
2024-09-11 00:00:00+05:30,236.0,237.1999969482422,231.75,232.8000030517578,225.04434204101562,11565080,0.0,0.0
2024-09-12 00:00:00+05:30,235.0,237.89999389648438,233.1999969482422,237.10000610351562,229.2010955810547,8287067,0.0,0.0
2024-09-13 00:00:00+05:30,238.8000030517578,241.14999389648438,236.6999969482422,239.4499969482422,231.47279357910156,15452772,0.0,0.0
2024-09-16 00:00:00+05:30,240.4499969482422,241.9499969482422,238.5500030517578,239.14999389648438,231.1827850341797,6992312,0.0,0.0
2024-09-17 00:00:00+05:30,240.0,240.64999389648438,238.1999969482422,239.5,231.52113342285156,6653415,0.0,0.0
2024-09-18 00:00:00+05:30,239.0,240.89999389648438,237.10000610351562,237.89999389648438,229.97442626953125,10071196,0.0,0.0
2024-09-19 00:00:00+05:30,238.8000030517578,241.60000610351562,231.0,235.85000610351562,227.99273681640625,15897092,0.0,0.0
2024-09-20 00:00:00+05:30,237.89999389648438,239.5,235.0,235.5,227.65438842773438,17417523,0.0,0.0
2024-09-23 00:00:00+05:30,237.3000030517578,245.39999389648438,236.0,244.5,236.35455322265625,16696706,0.0,0.0
2024-09-24 00:00:00+05:30,244.3000030517578,247.10000610351562,241.89999389648438,243.60000610351562,235.4845428466797,10357559,0.0,0.0
2024-09-25 00:00:00+05:30,243.60000610351562,245.14999389648438,240.5500030517578,243.1999969482422,235.0978546142578,9323772,0.0,0.0
2024-09-26 00:00:00+05:30,244.0,245.9499969482422,241.6999969482422,245.14999389648438,236.98289489746094,7377443,0.0,0.0
2024-09-27 00:00:00+05:30,245.1999969482422,250.0,244.60000610351562,249.60000610351562,241.28465270996094,21539028,0.0,0.0
2024-09-30 00:00:00+05:30,247.5,251.60000610351562,246.14999389648438,247.8000030517578,239.54461669921875,12929732,0.0,0.0
2024-10-01 00:00:00+05:30,250.0,251.39999389648438,248.10000610351562,248.91000366210938,240.61764526367188,8742175,0.0,0.0
2024-10-03 00:00:00+05:30,245.7899932861328,249.77000427246094,243.5,245.05999755859375,236.89588928222656,13127876,0.0,0.0
2024-10-04 00:00:00+05:30,247.72999572753906,255.6999969482422,244.33999633789062,250.58999633789062,242.24166870117188,41064802,0.0,0.0
2024-10-07 00:00:00+05:30,252.0,253.27999877929688,239.0399932861328,242.6699981689453,234.5855255126953,18620251,0.0,0.0
2024-10-08 00:00:00+05:30,243.0,248.69000244140625,240.85000610351562,247.24000549316406,239.00328063964844,14466416,0.0,0.0
2024-10-09 00:00:00+05:30,248.58999633789062,250.5,244.25,246.32000732421875,238.11392211914062,19792122,0.0,0.0
2024-10-10 00:00:00+05:30,247.08999633789062,252.08999633789062,244.88999938964844,246.0500030517578,237.85292053222656,17374776,0.0,0.0
2024-10-11 00:00:00+05:30,246.80999755859375,248.1999969482422,242.1300048828125,242.4199981689453,234.34384155273438,9419288,0.0,0.0
2024-10-14 00:00:00+05:30,243.8000030517578,245.75,242.60000610351562,244.5500030517578,236.40289306640625,6326914,0.0,0.0
2024-10-15 00:00:00+05:30,245.05999755859375,248.13999938964844,242.17999267578125,243.80999755859375,235.6875457763672,10652623,0.0,0.0
2024-10-16 00:00:00+05:30,243.7899932861328,245.58999633789062,242.6999969482422,244.14999389648438,236.01620483398438,5229639,0.0,0.0
2024-10-17 00:00:00+05:30,244.14999389648438,245.19000244140625,239.72999572753906,241.9600067138672,233.89918518066406,10781332,0.0,0.0
2024-10-18 00:00:00+05:30,240.64999389648438,248.75,237.85000610351562,247.97000122070312,239.70895385742188,10982434,0.0,0.0
2024-10-21 00:00:00+05:30,248.0,251.1999969482422,244.83999633789062,245.77000427246094,237.58224487304688,7677386,0.0,0.0
2024-10-22 00:00:00+05:30,245.0,245.5,233.10000610351562,233.64999389648438,225.8660125732422,10255996,0.0,0.0
2024-10-23 00:00:00+05:30,233.64999389648438,239.83999633789062,229.25999450683594,237.9600067138672,230.03244018554688,16390552,0.0,0.0
2024-10-24 00:00:00+05:30,236.72999572753906,245.6999969482422,236.3000030517578,244.77000427246094,236.61557006835938,11899296,0.0,0.0
2024-10-25 00:00:00+05:30,244.0,245.89999389648438,234.25,239.52000427246094,231.54046630859375,13124438,0.0,0.0
2024-10-28 00:00:00+05:30,240.0,253.5800018310547,239.89999389648438,249.9199981689453,241.593994140625,34626442,0.0,0.0
2024-10-29 00:00:00+05:30,249.89999389648438,255.0,247.50999450683594,254.55999755859375,246.07940673828125,15007577,0.0,0.0
2024-10-30 00:00:00+05:30,254.6999969482422,256.3900146484375,250.61000061035156,251.47999572753906,243.10202026367188,13781718,0.0,0.0
2024-10-31 00:00:00+05:30,251.4499969482422,254.17999267578125,248.1999969482422,250.9600067138672,242.59934997558594,7738588,0.0,0.0
2024-11-01 00:00:00+05:30,252.10000610351562,254.1999969482422,252.0,253.6999969482422,245.24806213378906,1782431,0.0,0.0
2024-11-04 00:00:00+05:30,253.5,255.60000610351562,247.5500030517578,252.64999389648438,244.2330322265625,15810287,0.0,0.0
2024-11-05 00:00:00+05:30,253.6999969482422,260.0,251.4499969482422,257.8999938964844,249.30813598632812,16900651,0.0,0.0
2024-11-06 00:00:00+05:30,260.04998779296875,264.0,259.1000061035156,262.54998779296875,253.80320739746094,21915311,0.0,0.0
2024-11-07 00:00:00+05:30,263.0,266.3999938964844,261.0,262.75,253.99656677246094,11833629,0.0,0.0
2024-11-08 00:00:00+05:30,262.70001220703125,262.70001220703125,254.14999389648438,256.6000061035156,248.05145263671875,13569792,0.0,0.0
2024-11-11 00:00:00+05:30,256.0,259.54998779296875,252.8000030517578,258.3500061035156,249.74314880371094,9319722,0.0,0.0
2024-11-12 00:00:00+05:30,259.0,260.5,252.0,252.6999969482422,244.2813720703125,6461353,0.0,0.0
2024-11-13 00:00:00+05:30,250.14999389648438,252.85000610351562,241.89999389648438,243.3000030517578,235.1945343017578,15240064,0.0,0.0
2024-11-14 00:00:00+05:30,243.4499969482422,246.89999389648438,240.85000610351562,241.5,233.45449829101562,6939685,0.0,0.0
2024-11-18 00:00:00+05:30,241.5,243.85000610351562,236.14999389648438,241.39999389648438,233.35781860351562,15402466,0.0,0.0
2024-11-19 00:00:00+05:30,242.5,246.0,236.25,237.1999969482422,229.29774475097656,12811548,0.0,0.0
2024-11-21 00:00:00+05:30,237.1999969482422,237.39999389648438,219.85000610351562,228.5,220.88758850097656,32722184,0.0,0.0
2024-11-22 00:00:00+05:30,229.0,238.0,229.0,236.0,228.13772583007812,16249864,0.0,0.0
2024-11-25 00:00:00+05:30,242.0,248.3000030517578,240.8000030517578,247.10000610351562,238.86793518066406,18985964,0.0,0.0
2024-11-26 00:00:00+05:30,247.10000610351562,250.0,245.39999389648438,247.5,239.25460815429688,5822108,0.0,0.0
2024-11-27 00:00:00+05:30,247.5,249.85000610351562,244.64999389648438,246.4499969482422,238.23959350585938,9255064,0.0,0.0
2024-11-28 00:00:00+05:30,247.4499969482422,252.0,245.60000610351562,249.0,240.7046356201172,12657927,0.0,0.0
2024-11-29 00:00:00+05:30,249.4499969482422,250.4499969482422,244.25,246.39999389648438,238.19125366210938,9029433,0.0,0.0
2024-12-02 00:00:00+05:30,246.0,247.5,244.3000030517578,246.41000366210938,238.200927734375,7689533,0.0,0.0
2024-12-03 00:00:00+05:30,247.6999969482422,255.0,247.17999267578125,254.5500030517578,246.0697479248047,15697277,0.0,0.0
2024-12-04 00:00:00+05:30,255.0,261.70001220703125,254.22000122070312,260.57000732421875,251.88919067382812,16236326,0.0,0.0
2024-12-05 00:00:00+05:30,260.95001220703125,262.3800048828125,258.54998779296875,259.9800109863281,251.31884765625,12264971,0.0,0.0
2024-12-06 00:00:00+05:30,261.29998779296875,266.95001220703125,258.0,264.6000061035156,255.78492736816406,18607200,0.0,0.0
2024-12-09 00:00:00+05:30,263.0,264.79998779296875,261.32000732421875,262.92999267578125,254.17056274414062,9706145,0.0,0.0
2024-12-10 00:00:00+05:30,263.6000061035156,264.45001220703125,261.0,262.92999267578125,254.17056274414062,10964378,0.0,0.0
2024-12-11 00:00:00+05:30,262.92999267578125,265.0,259.989990234375,260.7699890136719,252.08251953125,9109708,0.0,0.0
2024-12-12 00:00:00+05:30,259.25,261.20001220703125,258.0,259.20001220703125,250.56483459472656,8971686,0.0,0.0
2024-12-13 00:00:00+05:30,258.0,258.8999938964844,251.11000061035156,257.989990234375,249.39512634277344,12263775,0.0,0.0
2024-12-16 00:00:00+05:30,256.6400146484375,259.6000061035156,256.5400085449219,259.0799865722656,250.4488067626953,5025258,0.0,0.0
2024-12-17 00:00:00+05:30,257.510009765625,259.29998779296875,253.60000610351562,255.99000549316406,247.46177673339844,8889901,0.0,0.0
2024-12-18 00:00:00+05:30,254.25,255.8000030517578,249.72999572753906,250.6699981689453,242.31900024414062,9707392,0.0,0.0
2024-12-19 00:00:00+05:30,246.0,251.0,244.85000610351562,248.30999755859375,240.03762817382812,6211727,0.0,0.0
2024-12-20 00:00:00+05:30,248.0,249.99000549316406,237.77000427246094,240.58999633789062,232.57481384277344,10949542,0.0,0.0
2024-12-23 00:00:00+05:30,241.05999755859375,247.3000030517578,239.0500030517578,246.25,238.04624938964844,11064641,0.0,0.0
2024-12-24 00:00:00+05:30,245.6999969482422,247.67999267578125,243.2899932861328,244.9499969482422,236.78956604003906,7643411,0.0,0.0
2024-12-26 00:00:00+05:30,244.99000549316406,248.6999969482422,244.99000549316406,246.67999267578125,238.4619140625,5185131,0.0,0.0
2024-12-27 00:00:00+05:30,246.14999389648438,248.2100067138672,244.60000610351562,244.99000549316406,236.82823181152344,4851649,0.0,0.0
2024-12-30 00:00:00+05:30,244.0,247.3000030517578,239.72000122070312,241.0,232.97116088867188,24354060,0.0,0.0
2024-12-31 00:00:00+05:30,240.0,241.89999389648438,238.05999755859375,240.5500030517578,232.53614807128906,11001016,0.0,0.0
2025-01-01 00:00:00+05:30,240.0,241.77999877929688,238.77000427246094,241.22000122070312,233.18382263183594,4349210,0.0,0.0
2025-01-02 00:00:00+05:30,240.6999969482422,241.9199981689453,235.0500030517578,241.1199951171875,233.087158203125,14134494,0.0,0.0
2025-01-03 00:00:00+05:30,242.5,245.10000610351562,240.8000030517578,241.63999938964844,233.58982849121094,11308123,0.0,0.0
2025-01-06 00:00:00+05:30,239.1999969482422,241.38999938964844,227.25,227.9600067138672,220.36558532714844,29034063,0.0,0.0
2025-01-07 00:00:00+05:30,230.39999389648438,233.72000122070312,229.25,232.4600067138672,224.71566772460938,10569432,0.0,0.0
2025-01-08 00:00:00+05:30,232.50999450683594,234.4600067138672,229.91000366210938,232.9499969482422,225.1893310546875,9535741,0.0,0.0
2025-01-09 00:00:00+05:30,231.60000610351562,233.14999389648438,229.6999969482422,231.0399932861328,223.34295654296875,5382497,0.0,0.0
2025-01-10 00:00:00+05:30,230.11000061035156,231.14999389648438,225.0,225.39999389648438,217.89085388183594,8065484,0.0,0.0
2025-01-13 00:00:00+05:30,224.0,224.42999267578125,216.35000610351562,217.69000244140625,210.43772888183594,14375458,0.0,0.0
2025-01-14 00:00:00+05:30,217.85000610351562,226.4499969482422,217.85000610351562,223.72000122070312,216.26683044433594,10793343,0.0,0.0
2025-01-15 00:00:00+05:30,224.8800048828125,225.88999938964844,221.25,222.02000427246094,214.62347412109375,8409931,0.0,0.0
2025-01-16 00:00:00+05:30,225.0,230.9499969482422,225.0,228.85000610351562,221.22593688964844,13044666,0.0,0.0
2025-01-17 00:00:00+05:30,227.99000549316406,228.89999389648438,225.83999633789062,228.0,220.4042510986328,6060015,0.0,0.0
2025-01-20 00:00:00+05:30,229.0,235.52999877929688,226.80999755859375,232.1199951171875,224.38699340820312,8569679,0.0,0.0
2025-01-21 00:00:00+05:30,233.39999389648438,233.39999389648438,228.38999938964844,229.61000061035156,221.9606170654297,5923042,0.0,0.0
2025-01-22 00:00:00+05:30,230.0,231.10000610351562,223.52000427246094,228.3800048828125,220.77159118652344,9955733,0.0,0.0
2025-01-23 00:00:00+05:30,227.5,231.25,225.52000427246094,229.16000366210938,221.52560424804688,7731880,0.0,0.0
2025-01-24 00:00:00+05:30,228.36000061035156,230.00999450683594,224.60000610351562,225.2100067138672,217.7071990966797,7498269,0.0,0.0
2025-01-27 00:00:00+05:30,223.0,224.8699951171875,218.4499969482422,219.6199951171875,212.3034210205078,7821158,0.0,0.0
2025-01-28 00:00:00+05:30,224.5,225.2899932861328,220.10000610351562,221.75999450683594,214.37213134765625,12792946,0.0,0.0
2025-01-29 00:00:00+05:30,222.6999969482422,224.89999389648438,221.07000732421875,222.58999633789062,215.17446899414062,8514453,0.0,0.0
2025-01-30 00:00:00+05:30,223.89999389648438,225.83999633789062,221.69000244140625,222.38999938964844,214.98114013671875,10812716,0.0,0.0
2025-01-31 00:00:00+05:30,218.5,218.5,211.0500030517578,213.38999938964844,206.28097534179688,50873400,0.0,0.0
2025-02-01 00:00:00+05:30,216.0,216.4199981689453,207.61000061035156,210.83999633789062,203.81591796875,16153674,0.0,0.0
2025-02-03 00:00:00+05:30,211.08999633789062,211.08999633789062,206.5500030517578,207.99000549316406,201.06088256835938,13272380,0.0,0.0
2025-02-04 00:00:00+05:30,210.5,214.5,210.11000061035156,212.88999938964844,205.79763793945312,12129201,0.0,0.0
2025-02-05 00:00:00+05:30,215.0,221.11000061035156,214.1199951171875,220.02000427246094,212.6901092529297,15759413,0.0,0.0
2025-02-06 00:00:00+05:30,221.60000610351562,222.5800018310547,218.00999450683594,219.7100067138672,212.3904266357422,10170330,0.0,0.0
2025-02-07 00:00:00+05:30,220.0,220.82000732421875,215.0500030517578,216.32000732421875,209.11337280273438,9557681,0.0,0.0
2025-02-10 00:00:00+05:30,216.5,217.16000366210938,213.63999938964844,215.22999572753906,208.05967712402344,4292326,0.0,0.0
2025-02-11 00:00:00+05:30,216.0,216.99000549316406,209.5,210.77999877929688,203.75791931152344,5669659,0.0,0.0
2025-02-12 00:00:00+05:30,212.89999389648438,214.1999969482422,205.7100067138672,212.5399932861328,205.45928955078125,8728432,0.0,0.0
2025-02-13 00:00:00+05:30,212.97999572753906,214.2100067138672,210.5,210.8000030517578,203.7772674560547,5986171,0.0,0.0
2025-02-14 00:00:00+05:30,211.6999969482422,212.86000061035156,202.25,205.16000366210938,198.32516479492188,10600160,0.0,0.0
2025-02-17 00:00:00+05:30,204.97999572753906,207.4499969482422,200.17999267578125,206.9600067138672,200.06520080566406,7113238,0.0,0.0
2025-02-18 00:00:00+05:30,205.52999877929688,207.2899932861328,203.3000030517578,206.08999633789062,199.2241668701172,6382336,0.0,0.0
2025-02-19 00:00:00+05:30,204.1999969482422,209.88999938964844,203.52000427246094,208.88999938964844,201.93089294433594,5908141,0.0,0.0
2025-02-20 00:00:00+05:30,208.50999450683594,213.9499969482422,207.11000061035156,213.57000732421875,206.45498657226562,5212633,0.0,0.0
2025-02-21 00:00:00+05:30,212.02999877929688,214.9499969482422,209.1300048828125,210.27000427246094,203.26492309570312,7935366,0.0,0.0
2025-02-24 00:00:00+05:30,208.0,209.4199981689453,206.5,208.6300048828125,201.6795654296875,4609750,0.0,0.0
2025-02-25 00:00:00+05:30,208.6300048828125,209.57000732421875,204.35000610351562,204.77000427246094,197.94815063476562,5449460,0.0,0.0
2025-02-27 00:00:00+05:30,207.0,208.50999450683594,201.77999877929688,203.17999267578125,196.41111755371094,9246629,0.0,0.0
2025-02-28 00:00:00+05:30,202.0,202.0,196.00999450683594,197.07000732421875,190.5046844482422,14293523,0.0,0.0
2025-03-03 00:00:00+05:30,198.10000610351562,199.19000244140625,193.0399932861328,195.91000366210938,189.38331604003906,11080593,0.0,0.0
2025-03-04 00:00:00+05:30,194.00999450683594,197.63999938964844,190.6999969482422,195.9199981689453,189.39297485351562,15521855,0.0,0.0
2025-03-05 00:00:00+05:30,195.89999389648438,205.74000549316406,195.88999938964844,205.22000122070312,198.38316345214844,9984238,0.0,0.0
2025-03-06 00:00:00+05:30,207.0,210.3800048828125,206.24000549316406,207.16000366210938,200.25852966308594,7708374,0.0,0.0
2025-03-07 00:00:00+05:30,206.85000610351562,208.10000610351562,204.52000427246094,205.89999389648438,199.04049682617188,6253445,0.0,0.0
2025-03-10 00:00:00+05:30,206.0,206.83999633789062,203.02999877929688,204.02999877929688,197.23280334472656,9737436,0.0,0.0
2025-03-11 00:00:00+05:30,203.0,204.8000030517578,201.39999389648438,202.55999755859375,195.811767578125,12900521,0.0,0.0
2025-03-12 00:00:00+05:30,203.55999755859375,204.8000030517578,201.11000061035156,202.39999389648438,195.6571044921875,13928062,0.0,0.0
2025-03-13 00:00:00+05:30,203.6999969482422,207.9499969482422,202.3000030517578,205.52000427246094,198.6731719970703,8576303,0.0,0.0
2025-03-17 00:00:00+05:30,206.89999389648438,206.99000549316406,204.3000030517578,205.74000549316406,198.88583374023438,6086364,0.0,0.0
2025-03-18 00:00:00+05:30,205.74000549316406,205.74000549316406,205.74000549316406,205.74000549316406,198.88583374023438,0,0.0,0.0
2025-03-19 00:00:00+05:30,210.0,213.99000549316406,209.4199981689453,213.75999450683594,206.63864135742188,8786037,0.0,0.0
2025-03-20 00:00:00+05:30,214.64999389648438,217.75,214.64999389648438,215.64999389648438,208.46568298339844,8936273,0.0,0.0
2025-03-21 00:00:00+05:30,215.60000610351562,217.19000244140625,214.36000061035156,216.6999969482422,209.48069763183594,9614502,0.0,0.0
2025-03-24 00:00:00+05:30,218.6999969482422,225.13999938964844,217.10000610351562,224.47000122070312,216.99185180664062,13453091,0.0,0.0
2025-03-25 00:00:00+05:30,225.89999389648438,225.89999389648438,220.6999969482422,223.07000732421875,215.63848876953125,9683595,0.0,0.0
2025-03-26 00:00:00+05:30,223.0,225.0,219.52999877929688,220.33999633789062,212.9994354248047,8824925,0.0,0.0
2025-03-27 00:00:00+05:30,219.5,232.0,219.0,230.97999572753906,223.2849578857422,38539990,0.0,0.0
2025-03-28 00:00:00+05:30,230.97999572753906,233.75,226.86000061035156,228.52999877929688,220.91659545898438,12275939,0.0,0.0
2025-04-01 00:00:00+05:30,227.9199981689453,231.5399932861328,226.7899932861328,228.5800018310547,220.9649200439453,5686405,0.0,0.0
2025-04-02 00:00:00+05:30,230.0,232.6699981689453,226.30999755859375,231.52000427246094,223.80697631835938,11817603,0.0,0.0
2025-04-03 00:00:00+05:30,228.25,238.5,228.25,236.77999877929688,228.89173889160156,10557954,0.0,0.0
2025-04-04 00:00:00+05:30,238.89999389648438,242.33999633789062,232.8300018310547,234.32000732421875,226.51370239257812,13578143,0.0,0.0
2025-04-07 00:00:00+05:30,220.0,230.33999633789062,219.0,229.36000061035156,221.71893310546875,13391046,0.0,0.0
2025-04-08 00:00:00+05:30,232.0,236.60000610351562,231.1300048828125,235.83999633789062,227.98306274414062,9329948,0.0,0.0
2025-04-09 00:00:00+05:30,235.0,235.8800048828125,229.0500030517578,230.2100067138672,222.54063415527344,9003748,0.0,0.0
2025-04-11 00:00:00+05:30,232.52000427246094,234.55999755859375,230.55999755859375,232.5,224.75433349609375,7672071,0.0,0.0
2025-04-15 00:00:00+05:30,236.0,236.08999633789062,231.8000030517578,234.9499969482422,227.12271118164062,11313564,0.0,0.0
2025-04-16 00:00:00+05:30,234.9499969482422,241.3000030517578,233.3800048828125,240.7899932861328,232.7681427001953,10650464,0.0,0.0
2025-04-17 00:00:00+05:30,241.0500030517578,244.6699981689453,241.0500030517578,242.80999755859375,234.72085571289062,10250305,0.0,0.0
2025-04-21 00:00:00+05:30,243.0,250.64999389648438,243.0,249.4199981689453,241.1106414794922,13025589,0.0,0.0
2025-04-22 00:00:00+05:30,251.00999450683594,257.2799987792969,249.7899932861328,252.4499969482422,244.03970336914062,15802728,0.0,0.0
2025-04-23 00:00:00+05:30,253.8000030517578,253.8000030517578,247.55999755859375,251.47000122070312,243.09234619140625,12117005,0.0,0.0
2025-04-24 00:00:00+05:30,250.5,255.7899932861328,250.5,252.00999450683594,243.61434936523438,10518406,0.0,0.0
2025-04-25 00:00:00+05:30,251.5500030517578,253.75999450683594,245.00999450683594,246.7899932861328,238.56825256347656,12840481,0.0,0.0
2025-04-28 00:00:00+05:30,246.7899932861328,253.4499969482422,246.60000610351562,252.5500030517578,244.13636779785156,5675324,0.0,0.0
2025-04-29 00:00:00+05:30,254.0,259.44000244140625,251.72999572753906,253.22000122070312,244.7840576171875,13432236,0.0,0.0
2025-04-30 00:00:00+05:30,252.0,252.69000244140625,249.0500030517578,249.92999267578125,241.60365295410156,8286634,0.0,0.0
2025-05-02 00:00:00+05:30,249.5,252.08999633789062,246.32000732421875,247.58999633789062,239.34161376953125,4318300,0.0,0.0
2025-05-05 00:00:00+05:30,248.60000610351562,250.7899932861328,247.50999450683594,249.1300048828125,240.83030700683594,5921479,0.0,0.0
2025-05-06 00:00:00+05:30,250.0,251.60000610351562,221.60000610351562,223.91000366210938,216.45050048828125,53589794,0.0,0.0
2025-05-07 00:00:00+05:30,223.91000366210938,227.44000244140625,221.25999450683594,224.5,217.02084350585938,29513047,0.0,0.0
2025-05-08 00:00:00+05:30,225.0,226.63999938964844,216.0,217.27000427246094,210.03172302246094,18639419,0.0,0.0
2025-05-09 00:00:00+05:30,212.99000549316406,220.5,212.5500030517578,220.08999633789062,212.7577667236328,14465684,0.0,0.0
2025-05-12 00:00:00+05:30,227.0,229.0,224.5,226.85000610351562,219.29257202148438,13866067,0.0,0.0
2025-05-13 00:00:00+05:30,226.5,234.17999267578125,226.39999389648438,232.75,224.99600219726562,13441966,0.0,0.0
2025-05-14 00:00:00+05:30,233.94000244140625,235.2899932861328,230.35000610351562,233.57000732421875,225.7886962890625,7853997,0.0,0.0
2025-05-15 00:00:00+05:30,234.5,235.85000610351562,232.89999389648438,234.3800048828125,226.5717010498047,6356741,0.0,0.0
2025-05-16 00:00:00+05:30,234.89999389648438,238.0,234.82000732421875,236.9199981689453,229.02708435058594,5559444,0.0,0.0
2025-05-19 00:00:00+05:30,237.0,242.8000030517578,236.1999969482422,239.97999572753906,231.98513793945312,10070720,0.0,0.0
2025-05-20 00:00:00+05:30,241.97999572753906,242.6999969482422,235.72000122070312,236.42999267578125,228.5533905029297,11889209,0.0,0.0
2025-05-21 00:00:00+05:30,237.0,241.6999969482422,235.1300048828125,241.3000030517578,233.26116943359375,13019580,0.0,0.0
2025-05-22 00:00:00+05:30,239.88999938964844,242.2899932861328,238.0500030517578,241.22999572753906,233.19349670410156,9266003,0.0,0.0
2025-05-23 00:00:00+05:30,241.22999572753906,243.89999389648438,240.77999877929688,243.0399932861328,234.9431915283203,5933979,0.0,0.0
2025-05-26 00:00:00+05:30,244.25,245.2100067138672,240.8000030517578,241.52000427246094,233.4738311767578,5619161,0.0,0.0
2025-05-27 00:00:00+05:30,242.2899932861328,242.50999450683594,237.61000061035156,241.50999450683594,233.4641571044922,7621172,0.0,0.0
2025-05-28 00:00:00+05:30,242.0,243.5,240.83999633789062,243.02999877929688,234.93353271484375,4536627,0.0,0.0
2025-05-29 00:00:00+05:30,245.0,245.0,241.1999969482422,243.24000549316406,235.13653564453125,9793256,0.0,0.0
2025-05-30 00:00:00+05:30,242.7100067138672,251.52999877929688,242.16000366210938,249.5500030517578,241.23631286621094,18896253,0.0,0.0
2025-06-02 00:00:00+05:30,251.5,256.25,250.1999969482422,254.77000427246094,246.28240966796875,15650468,0.0,0.0
2025-06-03 00:00:00+05:30,256.79998779296875,257.8999938964844,250.6999969482422,253.66000366210938,245.2093963623047,17004787,0.0,0.0
2025-06-04 00:00:00+05:30,254.9499969482422,256.1400146484375,251.80999755859375,254.61000061035156,246.12774658203125,8495549,0.0,0.0
2025-06-05 00:00:00+05:30,255.0,256.0,248.60000610351562,250.63999938964844,242.29000854492188,20759942,0.0,0.0
2025-06-06 00:00:00+05:30,243.5,248.85000610351562,241.0500030517578,246.17999267578125,246.17999267578125,27877160,8.35,0.0
2025-06-09 00:00:00+05:30,248.0,250.17999267578125,246.6199951171875,248.02000427246094,248.02000427246094,11809052,0.0,0.0
2025-06-10 00:00:00+05:30,249.38999938964844,249.38999938964844,246.02000427246094,246.92999267578125,246.92999267578125,6397250,0.0,0.0
2025-06-11 00:00:00+05:30,246.0,246.8000030517578,242.1300048828125,242.58999633789062,242.58999633789062,16318275,0.0,0.0
2025-06-12 00:00:00+05:30,243.1999969482422,244.1999969482422,239.1699981689453,240.66000366210938,240.66000366210938,9393665,0.0,0.0
2025-06-13 00:00:00+05:30,235.0,240.24000549316406,234.80999755859375,239.22000122070312,239.22000122070312,7993912,0.0,0.0
2025-06-16 00:00:00+05:30,238.5,244.9499969482422,236.3000030517578,240.6199951171875,240.6199951171875,7304944,0.0,0.0
2025-06-17 00:00:00+05:30,240.89999389648438,242.77999877929688,237.5,238.0399932861328,238.0399932861328,7272466,0.0,0.0
2025-06-18 00:00:00+05:30,238.0399932861328,239.6300048828125,235.58999633789062,236.50999450683594,236.50999450683594,6655986,0.0,0.0
2025-06-19 00:00:00+05:30,236.50999450683594,236.99000549316406,230.52000427246094,231.66000366210938,231.66000366210938,12080316,0.0,0.0
2025-06-20 00:00:00+05:30,231.3000030517578,236.9499969482422,231.3000030517578,234.14999389648438,234.14999389648438,8178646,0.0,0.0
2025-06-23 00:00:00+05:30,231.99000549316406,235.7899932861328,231.88999938964844,233.85000610351562,233.85000610351562,5706955,0.0,0.0
2025-06-24 00:00:00+05:30,236.0,240.60000610351562,236.0,237.82000732421875,237.82000732421875,6407993,0.0,0.0
2025-06-25 00:00:00+05:30,238.89999389648438,240.97999572753906,238.0,239.05999755859375,239.05999755859375,4912539,0.0,0.0
2025-06-26 00:00:00+05:30,239.5500030517578,240.0,235.11000061035156,239.33999633789062,239.33999633789062,8947066,0.0,0.0
2025-06-27 00:00:00+05:30,239.0,245.08999633789062,239.0,241.3300018310547,241.3300018310547,16042284,0.0,0.0
2025-06-30 00:00:00+05:30,242.4499969482422,249.67999267578125,242.30999755859375,248.77999877929688,248.77999877929688,19051358,0.0,0.0
2025-07-01 00:00:00+05:30,248.7899932861328,249.38999938964844,243.52000427246094,247.5399932861328,247.5399932861328,12791194,0.0,0.0
2025-07-02 00:00:00+05:30,247.77999877929688,247.77999877929688,242.0,243.0500030517578,243.0500030517578,16461168,0.0,0.0
2025-07-03 00:00:00+05:30,243.89999389648438,244.6999969482422,241.22999572753906,242.32000732421875,242.32000732421875,6572424,0.0,0.0
2025-07-04 00:00:00+05:30,243.24000549316406,243.5399932861328,239.25,240.77999877929688,240.77999877929688,11400183,0.0,0.0
2025-07-07 00:00:00+05:30,240.89999389648438,245.0,240.11000061035156,241.08999633789062,241.08999633789062,8397404,0.0,0.0
2025-07-08 00:00:00+05:30,242.0,242.27000427246094,238.39999389648438,239.75999450683594,239.75999450683594,5872650,0.0,0.0
2025-07-09 00:00:00+05:30,240.0,242.10000610351562,239.38999938964844,241.1300048828125,241.1300048828125,5927854,0.0,0.0
2025-07-10 00:00:00+05:30,241.0,241.89999389648438,238.3000030517578,238.83999633789062,238.83999633789062,4169988,0.0,0.0
2025-07-11 00:00:00+05:30,238.0,240.47000122070312,236.00999450683594,237.44000244140625,237.44000244140625,6155645,0.0,0.0
2025-07-14 00:00:00+05:30,237.44000244140625,241.8000030517578,236.44000244140625,240.9199981689453,240.9199981689453,5818162,0.0,0.0
2025-07-15 00:00:00+05:30,241.10000610351562,245.2899932861328,240.74000549316406,244.32000732421875,244.32000732421875,7854584,0.0,0.0
2025-07-16 00:00:00+05:30,243.10000610351562,250.5,243.10000610351562,249.0800018310547,249.0800018310547,13157847,0.0,0.0
2025-07-17 00:00:00+05:30,250.0500030517578,250.57000732421875,245.5,246.52000427246094,246.52000427246094,6291020,0.0,0.0
2025-07-18 00:00:00+05:30,245.02000427246094,247.5,244.0,244.7100067138672,244.7100067138672,5337640,0.0,0.0
2025-07-21 00:00:00+05:30,244.2100067138672,245.47999572753906,240.77000427246094,243.38999938964844,243.38999938964844,4973875,0.0,0.0
2025-07-22 00:00:00+05:30,243.41000366210938,244.22000122070312,238.83999633789062,239.47999572753906,239.47999572753906,7142245,0.0,0.0
2025-07-23 00:00:00+05:30,239.47999572753906,243.5,238.44000244140625,243.07000732421875,243.07000732421875,4865685,0.0,0.0
2025-07-24 00:00:00+05:30,243.07000732421875,247.25,239.3000030517578,246.86000061035156,246.86000061035156,11426887,0.0,0.0
2025-07-25 00:00:00+05:30,246.25,249.0,242.41000366210938,243.4499969482422,243.4499969482422,8703652,0.0,0.0
2025-07-28 00:00:00+05:30,239.14999389648438,247.25,237.77999877929688,240.33999633789062,240.33999633789062,11840807,0.0,0.0
2025-07-29 00:00:00+05:30,239.1999969482422,243.3800048828125,239.02000427246094,242.25999450683594,242.25999450683594,5783053,0.0,0.0
2025-07-30 00:00:00+05:30,242.0399932861328,243.89999389648438,238.97000122070312,239.6699981689453,239.6699981689453,3131598,0.0,0.0
2025-07-31 00:00:00+05:30,237.5,240.9499969482422,236.5,237.8699951171875,237.8699951171875,5770571,0.0,0.0
2025-08-01 00:00:00+05:30,237.74000549316406,238.61000061035156,234.5500030517578,235.1300048828125,235.1300048828125,4770791,0.0,0.0
2025-08-04 00:00:00+05:30,235.16000366210938,241.89999389648438,235.16000366210938,241.1699981689453,241.1699981689453,5286235,0.0,0.0
2025-08-05 00:00:00+05:30,240.0,242.27000427246094,239.5,240.64999389648438,240.64999389648438,2784149,0.0,0.0
2025-08-06 00:00:00+05:30,240.64999389648438,243.4499969482422,239.35000610351562,241.75,241.75,5567926,0.0,0.0
2025-08-07 00:00:00+05:30,241.0,242.5,237.3000030517578,242.0500030517578,242.0500030517578,5526019,0.0,0.0
2025-08-08 00:00:00+05:30,241.0,242.5500030517578,238.50999450683594,239.22000122070312,239.22000122070312,4393052,0.0,0.0
2025-08-11 00:00:00+05:30,239.22000122070312,244.94000244140625,239.22000122070312,243.97000122070312,243.97000122070312,8071890,0.0,0.0
2025-08-12 00:00:00+05:30,243.60000610351562,245.3300018310547,242.63999938964844,243.0800018310547,243.0800018310547,5778309,0.0,0.0
2025-08-13 00:00:00+05:30,243.0800018310547,244.8800048828125,241.25,241.80999755859375,241.80999755859375,4734249,0.0,0.0
2025-08-14 00:00:00+05:30,241.99000549316406,243.8000030517578,241.39999389648438,242.77000427246094,242.77000427246094,5398813,0.0,0.0
2025-08-18 00:00:00+05:30,244.0,245.72999572753906,241.55999755859375,242.77000427246094,242.77000427246094,6339208,0.0,0.0
2025-08-19 00:00:00+05:30,242.6999969482422,247.3000030517578,241.6300048828125,247.0500030517578,247.0500030517578,5767582,0.0,0.0
2025-08-20 00:00:00+05:30,247.10000610351562,248.5,244.5500030517578,244.8800048828125,244.8800048828125,7335347,0.0,0.0
2025-08-21 00:00:00+05:30,245.08999633789062,247.33999633789062,243.14999389648438,243.36000061035156,243.36000061035156,4378842,0.0,0.0
2025-08-22 00:00:00+05:30,243.1999969482422,244.57000732421875,240.0,240.22999572753906,240.22999572753906,5946024,0.0,0.0
2025-08-25 00:00:00+05:30,241.5,242.94000244140625,240.49000549316406,241.0800018310547,241.0800018310547,6139415,0.0,0.0
2025-08-26 00:00:00+05:30,240.00999450683594,241.0800018310547,234.4199981689453,235.13999938964844,235.13999938964844,9059590,0.0,0.0
2025-08-28 00:00:00+05:30,235.52000427246094,236.61000061035156,231.7100067138672,233.24000549316406,233.24000549316406,7496201,0.0,0.0
2025-08-29 00:00:00+05:30,232.5,234.47000122070312,230.80999755859375,232.8300018310547,232.8300018310547,5698267,0.0,0.0
2025-09-01 00:00:00+05:30,233.0,235.3000030517578,233.0,234.4199981689453,234.4199981689453,5022461,0.0,0.0
2025-09-02 00:00:00+05:30,234.0,238.5,233.42999267578125,236.6699981689453,236.6699981689453,3798598,0.0,0.0
2025-09-03 00:00:00+05:30,237.6699981689453,239.07000732421875,237.0,238.4199981689453,238.4199981689453,5983296,0.0,0.0
2025-09-04 00:00:00+05:30,239.75,240.77999877929688,233.57000732421875,233.94000244140625,233.94000244140625,4012532,0.0,0.0
2025-09-05 00:00:00+05:30,235.0,235.55999755859375,231.72000122070312,234.25999450683594,234.25999450683594,3555014,0.0,0.0
2025-09-08 00:00:00+05:30,234.8000030517578,236.8000030517578,234.1999969482422,234.63999938964844,234.63999938964844,4845778,0.0,0.0
2025-09-09 00:00:00+05:30,234.63999938964844,235.7100067138672,233.4600067138672,234.49000549316406,234.49000549316406,8815989,0.0,0.0
2025-09-10 00:00:00+05:30,235.6999969482422,240.25,235.35000610351562,238.00999450683594,238.00999450683594,12351617,0.0,0.0
2025-09-11 00:00:00+05:30,239.0,241.60000610351562,237.64999389648438,238.27000427246094,238.27000427246094,8641633,0.0,0.0
2025-09-12 00:00:00+05:30,238.5,239.25999450683594,235.50999450683594,237.47999572753906,237.47999572753906,7047846,0.0,0.0
2025-09-15 00:00:00+05:30,237.0,240.0,237.0,239.0500030517578,239.0500030517578,7165608,0.0,0.0
2025-09-16 00:00:00+05:30,239.0500030517578,240.85000610351562,237.8000030517578,240.5800018310547,240.5800018310547,7020684,0.0,0.0
2025-09-17 00:00:00+05:30,240.67999267578125,247.0,239.7899932861328,245.88999938964844,245.88999938964844,13825961,0.0,0.0
2025-09-18 00:00:00+05:30,246.61000061035156,252.25,246.00999450683594,248.9499969482422,248.9499969482422,19663095,0.0,0.0
2025-09-19 00:00:00+05:30,249.5,254.39999389648438,249.0,252.0800018310547,252.0800018310547,16173486,0.0,0.0
2025-09-22 00:00:00+05:30,252.0,254.69000244140625,250.00999450683594,251.13999938964844,251.13999938964844,8447174,0.0,0.0
2025-09-23 00:00:00+05:30,251.13999938964844,254.4499969482422,249.13999938964844,253.22999572753906,253.22999572753906,10937835,0.0,0.0
2025-09-24 00:00:00+05:30,254.5,258.5,253.61000061035156,254.3699951171875,254.3699951171875,19015206,0.0,0.0
2025-09-25 00:00:00+05:30,254.3699951171875,256.3399963378906,252.0,252.82000732421875,252.82000732421875,10254514,0.0,0.0
2025-09-26 00:00:00+05:30,252.82000732421875,252.97999572753906,247.1699981689453,248.4499969482422,248.4499969482422,7652782,0.0,0.0
2025-09-29 00:00:00+05:30,248.5,255.38999938964844,248.30999755859375,253.99000549316406,253.99000549316406,11711402,0.0,0.0
2025-09-30 00:00:00+05:30,254.0,260.1000061035156,253.75999450683594,258.5400085449219,258.5400085449219,16041674,0.0,0.0
2025-10-01 00:00:00+05:30,259.79998779296875,261.04998779296875,255.3000030517578,259.6000061035156,259.6000061035156,10553753,0.0,0.0
2025-10-03 00:00:00+05:30,260.1000061035156,265.3500061035156,257.79998779296875,263.95001220703125,263.95001220703125,12224432,0.0,0.0
2025-10-06 00:00:00+05:30,266.75,272.04998779296875,265.3999938964844,266.6000061035156,266.6000061035156,13935656,0.0,0.0
2025-10-07 00:00:00+05:30,266.04998779296875,267.29998779296875,261.6000061035156,261.8500061035156,261.8500061035156,8742344,0.0,0.0
2025-10-08 00:00:00+05:30,262.5,263.20001220703125,258.5,261.8999938964844,261.8999938964844,6051759,0.0,0.0
2025-10-09 00:00:00+05:30,262.0,265.79998779296875,260.6000061035156,264.1499938964844,264.1499938964844,5413923,0.0,0.0
2025-10-10 00:00:00+05:30,264.5,268.8999938964844,264.04998779296875,266.95001220703125,266.95001220703125,9459957,0.0,0.0
2025-10-13 00:00:00+05:30,266.3999938964844,269.20001220703125,264.6499938964844,268.1000061035156,268.1000061035156,5443095,0.0,0.0
2025-10-14 00:00:00+05:30,268.0,268.70001220703125,263.54998779296875,263.95001220703125,263.95001220703125,4141172,0.0,0.0
2025-10-15 00:00:00+05:30,263.29998779296875,270.3999938964844,263.29998779296875,268.3999938964844,268.3999938964844,8534350,0.0,0.0
2025-10-16 00:00:00+05:30,268.3999938964844,269.29998779296875,265.5,266.1499938964844,266.1499938964844,6996551,0.0,0.0
2025-10-17 00:00:00+05:30,266.1499938964844,267.5,262.6000061035156,264.5,264.5,6919725,0.0,0.0
2025-10-20 00:00:00+05:30,265.79998779296875,273.1000061035156,265.04998779296875,271.45001220703125,271.45001220703125,17154442,0.0,0.0
2025-10-21 00:00:00+05:30,271.5,272.70001220703125,269.1000061035156,270.20001220703125,270.20001220703125,1137999,0.0,0.0
2025-10-23 00:00:00+05:30,270.0,271.70001220703125,266.25,266.8999938964844,266.8999938964844,7342137,0.0,0.0
2025-10-24 00:00:00+05:30,266.8999938964844,268.6000061035156,264.29998779296875,266.20001220703125,266.20001220703125,6541279,0.0,0.0
2025-10-27 00:00:00+05:30,267.0,279.8999938964844,266.29998779296875,273.6499938964844,273.6499938964844,11187429,0.0,0.0
2025-10-28 00:00:00+05:30,274.3999938964844,277.5,273.3500061035156,276.95001220703125,276.95001220703125,10922577,0.0,0.0
2025-10-29 00:00:00+05:30,276.54998779296875,277.8999938964844,274.04998779296875,274.6000061035156,274.6000061035156,6127929,0.0,0.0
2025-10-30 00:00:00+05:30,274.6000061035156,276.6000061035156,271.3500061035156,272.75,272.75,13926080,0.0,0.0
2025-10-31 00:00:00+05:30,273.79998779296875,280.6499938964844,272.04998779296875,278.3999938964844,278.3999938964844,23120256,0.0,0.0
2025-11-03 00:00:00+05:30,284.5,293.25,283.0,291.20001220703125,291.20001220703125,38572616,0.0,0.0
2025-11-04 00:00:00+05:30,290.95001220703125,292.29998779296875,286.0,288.1000061035156,288.1000061035156,11837387,0.0,0.0
2025-11-05 00:00:00+05:30,288.1000061035156,288.1000061035156,288.1000061035156,288.1000061035156,288.1000061035156,0,0.0,0.0
2025-11-06 00:00:00+05:30,289.5,290.5,284.75,286.3500061035156,286.3500061035156,7681719,0.0,0.0
2025-11-07 00:00:00+05:30,284.0,290.70001220703125,283.1000061035156,289.04998779296875,289.04998779296875,6951797,0.0,0.0
2025-11-10 00:00:00+05:30,289.04998779296875,291.8500061035156,285.6499938964844,287.70001220703125,287.70001220703125,7071136,0.0,0.0
2025-11-11 00:00:00+05:30,287.45001220703125,288.8999938964844,280.95001220703125,285.8500061035156,285.8500061035156,9114319,0.0,0.0
2025-11-12 00:00:00+05:30,286.8999938964844,289.95001220703125,283.79998779296875,285.0,285.0,11257140,0.0,0.0
2025-11-13 00:00:00+05:30,284.79998779296875,287.20001220703125,282.25,283.25,283.25,6205108,0.0,0.0
2025-11-14 00:00:00+05:30,281.29998779296875,287.45001220703125,281.29998779296875,286.75,286.75,5767810,0.0,0.0
2025-11-17 00:00:00+05:30,289.0,292.3999938964844,287.6499938964844,287.95001220703125,287.95001220703125,9325390,0.0,0.0
2025-11-18 00:00:00+05:30,287.75,289.8500061035156,285.0,288.45001220703125,288.45001220703125,6702634,0.0,0.0
2025-11-19 00:00:00+05:30,287.8500061035156,293.79998779296875,287.0,293.29998779296875,293.29998779296875,11205111,0.0,0.0
2025-11-20 00:00:00+05:30,294.95001220703125,294.95001220703125,287.70001220703125,288.25,288.25,7321372,0.0,0.0
2025-11-21 00:00:00+05:30,287.0,287.95001220703125,283.29998779296875,284.1499938964844,284.1499938964844,7072694,0.0,0.0
2025-11-24 00:00:00+05:30,284.1499938964844,285.8500061035156,281.0,281.8999938964844,281.8999938964844,8839228,0.0,0.0
2025-11-25 00:00:00+05:30,281.75,287.8999938964844,280.70001220703125,287.25,287.25,7981354,0.0,0.0
2025-11-26 00:00:00+05:30,287.0,293.0,286.95001220703125,288.3999938964844,288.3999938964844,5874557,0.0,0.0
2025-11-27 00:00:00+05:30,289.25,289.8999938964844,286.1000061035156,287.8999938964844,287.8999938964844,5143734,0.0,0.0
2025-11-28 00:00:00+05:30,287.0,292.45001220703125,287.0,289.79998779296875,289.79998779296875,7906532,0.0,0.0
